algorithm,infile,outfile,file_bytes,file_kb,has_tag,elapsed_ms,throughput_mb_s,cpu_user_s,cpu_system_s,rss_mb_before,rss_mb_after,rss_mb_delta,repeats
AES,1024KB_0.bin,AES_1024KB_0.bin,1048576,1024.0,0,56.296666666668216,17.763041032624297,0.0,0.010416666666666666,24.09765625,26.66015625,2.5625,3
PRESENT,1024KB_0.bin,PRESENT_1024KB_0.bin,1048576,1024.0,0,120874.31429999998,0.008273056238549435,107.58333333333333,2.8854166666666665,24.6640625,25.8671875,1.203125,3
XTEA,1024KB_0.bin,XTEA_1024KB_0.bin,1048576,1024.0,0,5735.674366666672,0.1743474151551524,5.598958333333333,0.078125,23.8671875,27.00390625,3.13671875,3
SIMON,1024KB_0.bin,SIMON_1024KB_0.bin,1048576,1024.0,0,21093.95553333339,0.047406945483494826,20.786458333333332,0.13541666666666666,25.0,25.8671875,0.8671875,3
PRINCE,1024KB_0.bin,PRINCE_1024KB_0.bin,1048576,1024.0,0,15130.205433333307,0.06609295586938319,15.03125,0.026041666666666668,23.86328125,25.8671875,2.00390625,3
RECTANGLE,1024KB_0.bin,RECTANGLE_1024KB_0.bin,1048576,1024.0,0,51413.593600000015,0.019450109007746928,51.026041666666664,0.09375,23.86328125,25.89453125,2.03125,3
ASCONv2,1024KB_0.bin,ASCONv2_1024KB_0.bin,1048576,1024.0,1,3168.9905999999914,0.31555789404992324,3.1145833333333335,0.015625,23.890625,27.0234375,3.1328125,3
LEA,1024KB_0.bin,LEA_1024KB_0.bin,1048576,1024.0,0,9113.198299999984,0.10973096020526643,9.041666666666666,0.026041666666666668,25.015625,28.03125,3.015625,3
MSEA,1024KB_0.bin,MSEA_1024KB_0.bin,1048576,1024.0,0,2575.211933333321,0.3883175543946835,2.5572916666666665,0.005208333333333333,26.0234375,28.08984375,2.06640625,3
AES,1024KB_1.bin,AES_1024KB_1.bin,1048576,1024.0,0,1.401300000035614,713.6230642793014,0.0,0.0,26.08203125,28.08984375,2.0078125,3
PRESENT,1024KB_1.bin,PRESENT_1024KB_1.bin,1048576,1024.0,0,61019.52753333334,0.016388196376212954,60.463541666666664,0.17708333333333334,26.08203125,18.19921875,-7.8828125,3
XTEA,1024KB_1.bin,XTEA_1024KB_1.bin,1048576,1024.0,0,3296.8219333333004,0.30332241783799807,3.2552083333333335,0.010416666666666666,16.1953125,18.203125,2.0078125,3
SIMON,1024KB_1.bin,SIMON_1024KB_1.bin,1048576,1024.0,0,16610.22496666669,0.06020388056193065,16.510416666666668,0.026041666666666668,16.19921875,18.20703125,2.0078125,3
PRINCE,1024KB_1.bin,PRINCE_1024KB_1.bin,1048576,1024.0,0,14394.746400000031,0.0694697893392549,14.171875,0.09375,16.203125,18.2109375,2.0078125,3
RECTANGLE,1024KB_1.bin,RECTANGLE_1024KB_1.bin,1048576,1024.0,0,33242.92853333335,0.03008158559187347,33.005208333333336,0.07291666666666667,16.20703125,18.2109375,2.00390625,3
ASCONv2,1024KB_1.bin,ASCONv2_1024KB_1.bin,1048576,1024.0,1,2147.8406333334683,0.4655838913187851,2.1458333333333335,0.005208333333333333,16.20703125,18.2109375,2.00390625,3
LEA,1024KB_1.bin,LEA_1024KB_1.bin,1048576,1024.0,0,6149.764633333386,0.16260784918169546,6.109375,0.020833333333333332,16.20703125,18.23046875,2.0234375,3
MSEA,1024KB_1.bin,MSEA_1024KB_1.bin,1048576,1024.0,0,1743.1618333332608,0.5736702013993776,1.734375,0.0,16.22265625,19.4375,3.21484375,3
AES,1024KB_2.bin,AES_1024KB_2.bin,1048576,1024.0,0,0.7800666666450221,1281.941714418956,0.0,0.0,17.4296875,19.44140625,2.01171875,3
PRESENT,1024KB_2.bin,PRESENT_1024KB_2.bin,1048576,1024.0,0,37230.81460000003,0.026859471401412722,37.088541666666664,0.06770833333333333,17.43359375,19.453125,2.01953125,3
XTEA,1024KB_2.bin,XTEA_1024KB_2.bin,1048576,1024.0,0,2233.5149666667653,0.4477247813084377,2.2239583333333335,0.010416666666666666,17.4453125,19.453125,2.0078125,3
SIMON,1024KB_2.bin,SIMON_1024KB_2.bin,1048576,1024.0,0,11291.259633333235,0.08856407809876879,11.229166666666666,0.026041666666666668,17.4453125,19.453125,2.0078125,3
PRINCE,1024KB_2.bin,PRINCE_1024KB_2.bin,1048576,1024.0,0,9753.523799999888,0.10252704771172153,9.682291666666666,0.015625,17.4453125,19.453125,2.0078125,3
RECTANGLE,1024KB_2.bin,RECTANGLE_1024KB_2.bin,1048576,1024.0,0,32828.93106666666,0.030460936969567216,32.635416666666664,0.0625,17.4453125,19.44921875,2.00390625,3
ASCONv2,1024KB_2.bin,ASCONv2_1024KB_2.bin,1048576,1024.0,1,2176.67490000008,0.45941633268246135,2.15625,0.010416666666666666,17.44140625,19.44921875,2.0078125,3
LEA,1024KB_2.bin,LEA_1024KB_2.bin,1048576,1024.0,0,6147.895600000008,0.16265728390052667,6.09375,0.026041666666666668,17.44140625,20.46484375,3.0234375,3
MSEA,1024KB_2.bin,MSEA_1024KB_2.bin,1048576,1024.0,0,1764.9760666667287,0.566579920762645,1.7447916666666667,0.010416666666666666,18.45703125,20.46484375,2.0078125,3
AES,1024KB_3.bin,AES_1024KB_3.bin,1048576,1024.0,0,0.7566333332912715,1321.6441253653343,0.0,0.0,18.45703125,20.46875,2.01171875,3
PRESENT,1024KB_3.bin,PRESENT_1024KB_3.bin,1048576,1024.0,0,49207.25199999993,0.0203222077916483,48.848958333333336,0.140625,18.4609375,18.125,-0.3359375,3
XTEA,1024KB_3.bin,XTEA_1024KB_3.bin,1048576,1024.0,0,3325.3471000000445,0.30072048719364863,3.3177083333333335,0.010416666666666666,16.125,18.125,2.0,3
SIMON,1024KB_3.bin,SIMON_1024KB_3.bin,1048576,1024.0,0,12845.23043333335,0.07784990741816525,12.770833333333334,0.036458333333333336,16.125,18.125,2.0,3
PRINCE,1024KB_3.bin,PRINCE_1024KB_3.bin,1048576,1024.0,0,9940.67466666661,0.10059679383263917,9.854166666666666,0.010416666666666666,16.125,18.125,2.0,3
RECTANGLE,1024KB_3.bin,RECTANGLE_1024KB_3.bin,1048576,1024.0,0,32675.03243333325,0.030604407265403526,32.557291666666664,0.036458333333333336,16.125,18.125,2.0,3
ASCONv2,1024KB_3.bin,ASCONv2_1024KB_3.bin,1048576,1024.0,1,2196.147500000052,0.4553428219188267,2.1770833333333335,0.005208333333333333,16.125,18.125,2.0,3
LEA,1024KB_3.bin,LEA_1024KB_3.bin,1048576,1024.0,0,6179.280800000015,0.16183113089795134,6.140625,0.010416666666666666,16.125,18.1796875,2.0546875,3
MSEA,1024KB_3.bin,MSEA_1024KB_3.bin,1048576,1024.0,0,1761.7207333332015,0.567626855425596,1.7604166666666667,0.0,16.171875,19.3515625,3.1796875,3
AES,1024KB_4.bin,AES_1024KB_4.bin,1048576,1024.0,0,0.9907333333861363,1009.3533409057632,0.0,0.0,17.34375,19.3515625,2.0078125,3
PRESENT,1024KB_4.bin,PRESENT_1024KB_4.bin,1048576,1024.0,0,38024.28203333337,0.026298984399583565,37.755208333333336,0.08854166666666667,17.34375,19.36328125,2.01953125,3
XTEA,1024KB_4.bin,XTEA_1024KB_4.bin,1048576,1024.0,0,2285.63813333335,0.43751457652730474,2.2395833333333335,0.03125,17.35546875,19.36328125,2.0078125,3
SIMON,1024KB_4.bin,SIMON_1024KB_4.bin,1048576,1024.0,0,11277.952299999924,0.08866857860358274,11.166666666666666,0.041666666666666664,17.35546875,19.36328125,2.0078125,3
PRINCE,1024KB_4.bin,PRINCE_1024KB_4.bin,1048576,1024.0,0,9796.779033333223,0.10207436511505796,9.734375,0.0,17.359375,19.37109375,2.01171875,3
RECTANGLE,1024KB_4.bin,RECTANGLE_1024KB_4.bin,1048576,1024.0,0,32795.662766666734,0.030491836896688437,32.583333333333336,0.078125,17.3671875,19.375,2.0078125,3
ASCONv2,1024KB_4.bin,ASCONv2_1024KB_4.bin,1048576,1024.0,1,2170.2980666665703,0.4607662032044897,2.1614583333333335,0.0,17.3671875,19.375,2.0078125,3
LEA,1024KB_4.bin,LEA_1024KB_4.bin,1048576,1024.0,0,6189.409233333511,0.16156630823737225,6.151041666666667,0.010416666666666666,17.3671875,20.31640625,2.94921875,3
MSEA,1024KB_4.bin,MSEA_1024KB_4.bin,1048576,1024.0,0,1896.5941666666974,0.5272609278122584,1.8854166666666667,0.0,18.30859375,20.375,2.06640625,3
AES,1024KB_5.bin,AES_1024KB_5.bin,1048576,1024.0,0,0.9707333333608403,1030.1490281968927,0.0,0.0,18.3671875,20.375,2.0078125,3
PRESENT,1024KB_5.bin,PRESENT_1024KB_5.bin,1048576,1024.0,0,37713.44076666674,0.02651574557163865,37.427083333333336,0.078125,18.3671875,18.2109375,-0.15625,3
XTEA,1024KB_5.bin,XTEA_1024KB_5.bin,1048576,1024.0,0,2258.7526333333394,0.4427222287392562,2.2447916666666665,0.010416666666666666,16.20703125,18.2109375,2.00390625,3
SIMON,1024KB_5.bin,SIMON_1024KB_5.bin,1048576,1024.0,0,11301.674666666713,0.08848246206815803,11.255208333333334,0.010416666666666666,16.20703125,18.2109375,2.00390625,3
PRINCE,1024KB_5.bin,PRINCE_1024KB_5.bin,1048576,1024.0,0,10457.322766666493,0.09562677009335273,10.328125,0.036458333333333336,16.20703125,18.2109375,2.00390625,3
RECTANGLE,1024KB_5.bin,RECTANGLE_1024KB_5.bin,1048576,1024.0,0,32857.05653333344,0.03043486256857797,32.588541666666664,0.078125,16.20703125,18.2109375,2.00390625,3
ASCONv2,1024KB_5.bin,ASCONv2_1024KB_5.bin,1048576,1024.0,1,2179.910299999998,0.4587344717807888,2.1770833333333335,0.005208333333333333,16.22265625,18.2265625,2.00390625,3
LEA,1024KB_5.bin,LEA_1024KB_5.bin,1048576,1024.0,0,6436.5715333333355,0.155362213380409,6.375,0.020833333333333332,16.22265625,18.234375,2.01171875,3
MSEA,1024KB_5.bin,MSEA_1024KB_5.bin,1048576,1024.0,0,1925.586433333289,0.519322312771465,1.8958333333333333,0.020833333333333332,16.2265625,19.41015625,3.18359375,3
AES,1024KB_6.bin,AES_1024KB_6.bin,1048576,1024.0,0,1.326066666782329,754.1098988834984,0.0,0.0,17.40234375,19.41015625,2.0078125,3
PRESENT,1024KB_6.bin,PRESENT_1024KB_6.bin,1048576,1024.0,0,38841.14366666654,0.025745894832087547,38.479166666666664,0.109375,17.40234375,19.13671875,1.734375,3
XTEA,1024KB_6.bin,XTEA_1024KB_6.bin,1048576,1024.0,0,2385.6463000001895,0.4191736218398849,2.3489583333333335,0.020833333333333332,17.12890625,18.25,1.12109375,3
SIMON,1024KB_6.bin,SIMON_1024KB_6.bin,1048576,1024.0,0,11701.062633333246,0.0854623234945571,11.572916666666666,0.08333333333333333,16.24609375,19.13671875,2.890625,3
PRINCE,1024KB_6.bin,PRINCE_1024KB_6.bin,1048576,1024.0,0,10120.615966666719,0.09880821516136983,10.005208333333334,0.046875,17.12890625,18.25,1.12109375,3
RECTANGLE,1024KB_6.bin,RECTANGLE_1024KB_6.bin,1048576,1024.0,0,33722.36283333329,0.029653912596288707,33.364583333333336,0.125,16.24609375,17.97265625,1.7265625,3
ASCONv2,1024KB_6.bin,ASCONv2_1024KB_6.bin,1048576,1024.0,1,2258.4898666665745,0.4427737377790201,2.234375,0.010416666666666666,15.96484375,17.0859375,1.12109375,3
LEA,1024KB_6.bin,LEA_1024KB_6.bin,1048576,1024.0,0,6536.078266666664,0.15299694391664473,6.416666666666667,0.0625,15.08203125,19.18359375,4.1015625,3
MSEA,1024KB_6.bin,MSEA_1024KB_6.bin,1048576,1024.0,0,1803.7367333333048,0.5544046320728859,1.7916666666666667,0.0,17.17578125,19.24609375,2.0703125,3
AES,1024KB_7.bin,AES_1024KB_7.bin,1048576,1024.0,0,0.7432333333478406,1345.4724850614175,0.0,0.0,17.23828125,19.24609375,2.0078125,3
PRESENT,1024KB_7.bin,PRESENT_1024KB_7.bin,1048576,1024.0,0,38464.60486666653,0.025997927275384577,38.104166666666664,0.125,17.24609375,17.09765625,-0.1484375,3
XTEA,1024KB_7.bin,XTEA_1024KB_7.bin,1048576,1024.0,0,2228.8666666666663,0.4486585110519547,2.2083333333333335,0.005208333333333333,15.09375,17.984375,2.890625,3
SIMON,1024KB_7.bin,SIMON_1024KB_7.bin,1048576,1024.0,0,11113.133433333283,0.0899836221709127,11.041666666666666,0.041666666666666664,15.9765625,17.1015625,1.125,3
PRINCE,1024KB_7.bin,PRINCE_1024KB_7.bin,1048576,1024.0,0,9544.146566666617,0.10477626187055292,9.46875,0.026041666666666668,15.09765625,17.98828125,2.890625,3
RECTANGLE,1024KB_7.bin,RECTANGLE_1024KB_7.bin,1048576,1024.0,0,32083.47833333331,0.031168690302542552,31.9375,0.036458333333333336,15.98046875,17.046875,1.06640625,3
ASCONv2,1024KB_7.bin,ASCONv2_1024KB_7.bin,1048576,1024.0,1,2144.7118333333797,0.4662631055873684,2.1145833333333335,0.015625,15.04296875,17.93359375,2.890625,3
LEA,1024KB_7.bin,LEA_1024KB_7.bin,1048576,1024.0,0,6081.347866666874,0.16443723035171312,6.052083333333333,0.015625,15.92578125,17.0546875,1.12890625,3
MSEA,1024KB_7.bin,MSEA_1024KB_7.bin,1048576,1024.0,0,1719.9960666665295,0.5813966783877993,1.6979166666666667,0.0,15.046875,18.21875,3.171875,3
AES,1024KB_8.bin,AES_1024KB_8.bin,1048576,1024.0,0,0.9247999999691577,1081.3148789287957,0.005208333333333333,0.0,16.2109375,18.21875,2.0078125,3
PRESENT,1024KB_8.bin,PRESENT_1024KB_8.bin,1048576,1024.0,0,37802.63166666676,0.02645318476284206,37.65625,0.0625,16.2109375,17.94140625,1.73046875,3
XTEA,1024KB_8.bin,XTEA_1024KB_8.bin,1048576,1024.0,0,2213.1942666665054,0.45183561834641456,2.1875,0.010416666666666666,15.93359375,17.0546875,1.12109375,3
SIMON,1024KB_8.bin,SIMON_1024KB_8.bin,1048576,1024.0,0,11265.45646666682,0.08876693127871775,11.213541666666666,0.03125,15.05078125,17.94140625,2.890625,3
PRINCE,1024KB_8.bin,PRINCE_1024KB_8.bin,1048576,1024.0,0,9704.311999999845,0.1030469754063983,9.65625,0.015625,15.94140625,17.0625,1.12109375,3
RECTANGLE,1024KB_8.bin,RECTANGLE_1024KB_8.bin,1048576,1024.0,0,32748.263033333238,0.030535970685899805,32.640625,0.03125,15.05859375,17.8828125,2.82421875,3
ASCONv2,1024KB_8.bin,ASCONv2_1024KB_8.bin,1048576,1024.0,1,2158.8125333332755,0.4632176182783079,2.140625,0.015625,15.875,16.99609375,1.12109375,3
LEA,1024KB_8.bin,LEA_1024KB_8.bin,1048576,1024.0,0,6136.452799999915,0.16296059508516283,6.09375,0.015625,14.99609375,19.09765625,4.1015625,3
MSEA,1024KB_8.bin,MSEA_1024KB_8.bin,1048576,1024.0,0,1742.202933333374,0.573985946681131,1.7447916666666667,0.0,17.08984375,19.15625,2.06640625,3
AES,1024KB_9.bin,AES_1024KB_9.bin,1048576,1024.0,0,0.8017999998628511,1247.193814132017,0.0,0.0,17.1484375,19.15625,2.0078125,3
PRESENT,1024KB_9.bin,PRESENT_1024KB_9.bin,1048576,1024.0,0,37704.724599999885,0.0265218751922671,37.546875,0.07291666666666667,17.1484375,17.0,-0.1484375,3
XTEA,1024KB_9.bin,XTEA_1024KB_9.bin,1048576,1024.0,0,2369.335066666584,0.4220593423313906,2.3489583333333335,0.005208333333333333,14.99609375,17.88671875,2.890625,3
SIMON,1024KB_9.bin,SIMON_1024KB_9.bin,1048576,1024.0,0,11393.242533333401,0.08777132559710575,11.348958333333334,0.015625,15.87890625,17.109375,1.23046875,3
PRINCE,1024KB_9.bin,PRINCE_1024KB_9.bin,1048576,1024.0,0,9860.56046666666,0.10141411366833265,9.817708333333334,0.020833333333333332,15.10546875,17.109375,2.00390625,3
RECTANGLE,1024KB_9.bin,RECTANGLE_1024KB_9.bin,1048576,1024.0,0,33280.00086666665,0.030048076140574958,33.161458333333336,0.026041666666666668,15.10546875,17.09375,1.98828125,3
ASCONv2,1024KB_9.bin,ASCONv2_1024KB_9.bin,1048576,1024.0,1,3368.000600000111,0.2969120611201694,3.3541666666666665,0.005208333333333333,15.08984375,17.98046875,2.890625,3
LEA,1024KB_9.bin,LEA_1024KB_9.bin,1048576,1024.0,0,9080.520799999855,0.11012584212130389,9.015625,0.036458333333333336,15.97265625,17.1015625,1.12890625,3
MSEA,1024KB_9.bin,MSEA_1024KB_9.bin,1048576,1024.0,0,2566.4879666666516,0.3896375174900187,2.5364583333333335,0.010416666666666666,15.09375,18.2578125,3.1640625,3
AES,16KB_0.bin,AES_16KB_0.bin,16384,16.0,0,0.12679999978596848,123.22555225847123,0.0,0.0,15.24609375,15.3046875,0.05859375,3
PRESENT,16KB_0.bin,PRESENT_16KB_0.bin,16384,16.0,0,788.7479000000894,0.019809878416155818,0.7916666666666666,0.0,15.3046875,15.30859375,0.00390625,3
XTEA,16KB_0.bin,XTEA_16KB_0.bin,16384,16.0,0,49.9659666666048,0.31271285321580916,0.046875,0.0,15.30859375,15.30859375,0.0,3
SIMON,16KB_0.bin,SIMON_16KB_0.bin,16384,16.0,0,251.61756666648216,0.06209820803454021,0.25,0.0,15.30859375,15.30859375,0.0,3
PRINCE,16KB_0.bin,PRINCE_16KB_0.bin,16384,16.0,0,247.46990000009342,0.0631389918531268,0.25,0.0,15.30859375,15.30859375,0.0,3
RECTANGLE,16KB_0.bin,RECTANGLE_16KB_0.bin,16384,16.0,0,726.8654666666711,0.021496412632800693,0.71875,0.0,15.30859375,15.30859375,0.0,3
ASCONv2,16KB_0.bin,ASCONv2_16KB_0.bin,16384,16.0,1,51.29496666677369,0.30461078377347095,0.052083333333333336,0.0,15.30859375,15.30859375,0.0,3
LEA,16KB_0.bin,LEA_16KB_0.bin,16384,16.0,0,150.2383666664476,0.10400139689144727,0.15104166666666666,0.0,15.30859375,15.30859375,0.0,3
MSEA,16KB_0.bin,MSEA_16KB_0.bin,16384,16.0,0,28.68409999988823,0.5447268695918953,0.03125,0.0,15.30859375,15.30859375,0.0,3
AES,16KB_1.bin,AES_16KB_1.bin,16384,16.0,0,0.05786666679341579,270.0172805145544,0.0,0.0,15.30859375,15.30859375,0.0,3
PRESENT,16KB_1.bin,PRESENT_16KB_1.bin,16384,16.0,0,782.1169999998953,0.019977829404043246,0.765625,0.010416666666666666,15.30859375,15.30859375,0.0,3
XTEA,16KB_1.bin,XTEA_16KB_1.bin,16384,16.0,0,40.018700000018725,0.390442468145959,0.036458333333333336,0.0,15.30859375,15.30859375,0.0,3
SIMON,16KB_1.bin,SIMON_16KB_1.bin,16384,16.0,0,250.89606666642794,0.0622767834012073,0.25,0.0,15.30859375,15.30859375,0.0,3
PRINCE,16KB_1.bin,PRINCE_16KB_1.bin,16384,16.0,0,208.5803999999977,0.07491116135552608,0.20833333333333334,0.0,15.30859375,15.30859375,0.0,3
RECTANGLE,16KB_1.bin,RECTANGLE_16KB_1.bin,16384,16.0,0,653.6178333332524,0.023905406497734687,0.6458333333333334,0.0,15.30859375,15.30859375,0.0,3
ASCONv2,16KB_1.bin,ASCONv2_16KB_1.bin,16384,16.0,1,61.76746666657588,0.2529648833478082,0.0625,0.0,15.30859375,15.30859375,0.0,3
LEA,16KB_1.bin,LEA_16KB_1.bin,16384,16.0,0,161.4287999999154,0.09679189834780527,0.16145833333333334,0.0,15.30859375,15.30859375,0.0,3
MSEA,16KB_1.bin,MSEA_16KB_1.bin,16384,16.0,0,46.0113999999218,0.3395897538441898,0.046875,0.0,15.30859375,15.30859375,0.0,3
AES,16KB_2.bin,AES_16KB_2.bin,16384,16.0,0,0.05483333340331834,284.95440693113915,0.0,0.0,15.3125,15.31640625,0.00390625,3
PRESENT,16KB_2.bin,PRESENT_16KB_2.bin,16384,16.0,0,932.2256666667575,0.016760963100134706,0.9270833333333334,0.0,15.31640625,15.31640625,0.0,3
XTEA,16KB_2.bin,XTEA_16KB_2.bin,16384,16.0,0,56.95963333331141,0.2743170748408261,0.057291666666666664,0.0,15.31640625,15.31640625,0.0,3
SIMON,16KB_2.bin,SIMON_16KB_2.bin,16384,16.0,0,242.27393333345995,0.06449311234194613,0.23958333333333334,0.0,15.31640625,15.31640625,0.0,3
PRINCE,16KB_2.bin,PRINCE_16KB_2.bin,16384,16.0,0,201.2936333333831,0.07762292200330961,0.1875,0.0,15.31640625,15.31640625,0.0,3
RECTANGLE,16KB_2.bin,RECTANGLE_16KB_2.bin,16384,16.0,0,515.3733000000406,0.03031782981384323,0.5052083333333334,0.0,15.31640625,15.31640625,0.0,3
ASCONv2,16KB_2.bin,ASCONv2_16KB_2.bin,16384,16.0,1,34.72679999989244,0.449940679822166,0.036458333333333336,0.0,15.31640625,15.31640625,0.0,3
LEA,16KB_2.bin,LEA_16KB_2.bin,16384,16.0,0,98.26159999996283,0.1590143046724856,0.09375,0.0,15.31640625,15.3203125,0.00390625,3
MSEA,16KB_2.bin,MSEA_16KB_2.bin,16384,16.0,0,28.743633333154623,0.5435986403979483,0.03125,0.0,15.3203125,15.3203125,0.0,3
AES,16KB_3.bin,AES_16KB_3.bin,16384,16.0,0,0.04219999997682559,370.2606637104401,0.0,0.0,15.3203125,15.3203125,0.0,3
PRESENT,16KB_3.bin,PRESENT_16KB_3.bin,16384,16.0,0,599.4174666667883,0.02606697480286443,0.5989583333333334,0.0,15.3203125,15.3203125,0.0,3
XTEA,16KB_3.bin,XTEA_16KB_3.bin,16384,16.0,0,37.33570000016092,0.41850025578555256,0.041666666666666664,0.0,15.3203125,15.3203125,0.0,3
SIMON,16KB_3.bin,SIMON_16KB_3.bin,16384,16.0,0,173.98016666690333,0.08980908743417351,0.171875,0.0,15.3203125,15.3203125,0.0,3
PRINCE,16KB_3.bin,PRINCE_16KB_3.bin,16384,16.0,0,151.83836666680386,0.10290547997192112,0.15104166666666666,0.0,15.3203125,15.3203125,0.0,3
RECTANGLE,16KB_3.bin,RECTANGLE_16KB_3.bin,16384,16.0,0,516.6069666667378,0.030245430294554388,0.515625,0.0,15.3203125,15.3203125,0.0,3
ASCONv2,16KB_3.bin,ASCONv2_16KB_3.bin,16384,16.0,1,35.16649999983201,0.4443149019684825,0.03125,0.0,15.3203125,15.3203125,0.0,3
LEA,16KB_3.bin,LEA_16KB_3.bin,16384,16.0,0,123.98046666673206,0.1260279173008847,0.125,0.0,15.3203125,15.3203125,0.0,3
MSEA,16KB_3.bin,MSEA_16KB_3.bin,16384,16.0,0,27.987033333223128,0.5582942577001085,0.03125,0.0,15.3203125,15.3203125,0.0,3
AES,16KB_4.bin,AES_16KB_4.bin,16384,16.0,0,0.10920000022451859,143.08608029189116,0.0,0.0,15.3203125,15.3203125,0.0,3
PRESENT,16KB_4.bin,PRESENT_16KB_4.bin,16384,16.0,0,598.4236666666524,0.026110264132825137,0.59375,0.0,15.3203125,15.3203125,0.0,3
XTEA,16KB_4.bin,XTEA_16KB_4.bin,16384,16.0,0,34.5870333332338,0.45175889615795223,0.03125,0.0,15.328125,15.328125,0.0,3
SIMON,16KB_4.bin,SIMON_16KB_4.bin,16384,16.0,0,180.15536666659196,0.08673069411757636,0.18229166666666666,0.0,15.328125,15.328125,0.0,3
PRINCE,16KB_4.bin,PRINCE_16KB_4.bin,16384,16.0,0,154.83623333345045,0.10091307224162764,0.15625,0.0,15.328125,15.328125,0.0,3
RECTANGLE,16KB_4.bin,RECTANGLE_16KB_4.bin,16384,16.0,0,520.0065333331926,0.03004769940070797,0.5208333333333334,0.0,15.328125,15.328125,0.0,3
ASCONv2,16KB_4.bin,ASCONv2_16KB_4.bin,16384,16.0,1,35.31236666670642,0.44247954682492946,0.03125,0.0,15.328125,15.328125,0.0,3
LEA,16KB_4.bin,LEA_16KB_4.bin,16384,16.0,0,99.90653333337225,0.15639617829458513,0.09895833333333333,0.0,15.328125,15.33203125,0.00390625,3
MSEA,16KB_4.bin,MSEA_16KB_4.bin,16384,16.0,0,27.822033333298652,0.5616052505155797,0.026041666666666668,0.0,15.33203125,15.33203125,0.0,3
AES,16KB_5.bin,AES_16KB_5.bin,16384,16.0,0,0.042099999973288504,371.14014275329475,0.0,0.0,15.33203125,15.33203125,0.0,3
PRESENT,16KB_5.bin,PRESENT_16KB_5.bin,16384,16.0,0,593.7622666666963,0.026315245809937885,0.5885416666666666,0.005208333333333333,15.33203125,15.33203125,0.0,3
XTEA,16KB_5.bin,XTEA_16KB_5.bin,16384,16.0,0,35.45840000000074,0.44065722085597975,0.03125,0.005208333333333333,15.33203125,15.33203125,0.0,3
SIMON,16KB_5.bin,SIMON_16KB_5.bin,16384,16.0,0,176.8145999999433,0.08836939935958348,0.17708333333333334,0.0,15.33203125,15.33203125,0.0,3
PRINCE,16KB_5.bin,PRINCE_16KB_5.bin,16384,16.0,0,171.149933333254,0.09129422194734856,0.171875,0.0,15.33203125,15.33203125,0.0,3
RECTANGLE,16KB_5.bin,RECTANGLE_16KB_5.bin,16384,16.0,0,516.0881999998613,0.030275832696822363,0.515625,0.0,15.33203125,15.33203125,0.0,3
ASCONv2,16KB_5.bin,ASCONv2_16KB_5.bin,16384,16.0,1,34.49816666655655,0.4529226190778218,0.036458333333333336,0.0,15.33203125,15.33203125,0.0,3
LEA,16KB_5.bin,LEA_16KB_5.bin,16384,16.0,0,97.70176666658396,0.15992546023575718,0.09375,0.0,15.33203125,15.33203125,0.0,3
MSEA,16KB_5.bin,MSEA_16KB_5.bin,16384,16.0,0,28.379500000179785,0.5505734773305032,0.026041666666666668,0.0,15.33203125,15.33203125,0.0,3
AES,16KB_6.bin,AES_16KB_6.bin,16384,16.0,0,0.060333333446275596,258.977900067687,0.0,0.0,15.33203125,15.33203125,0.0,3
PRESENT,16KB_6.bin,PRESENT_16KB_6.bin,16384,16.0,0,597.9050000000825,0.026132914091699926,0.5885416666666666,0.0,15.33203125,15.33203125,0.0,3
XTEA,16KB_6.bin,XTEA_16KB_6.bin,16384,16.0,0,35.942400000143,0.4347233351122305,0.03125,0.0,15.33203125,15.33203125,0.0,3
SIMON,16KB_6.bin,SIMON_16KB_6.bin,16384,16.0,0,170.22966666657643,0.0917877612402555,0.16666666666666666,0.0,15.33203125,15.33203125,0.0,3
PRINCE,16KB_6.bin,PRINCE_16KB_6.bin,16384,16.0,0,150.8158666667138,0.10360315758108862,0.15104166666666666,0.0,15.33984375,15.33984375,0.0,3
RECTANGLE,16KB_6.bin,RECTANGLE_16KB_6.bin,16384,16.0,0,508.31203333336816,0.030738992932226334,0.5104166666666666,0.0,15.33984375,15.33984375,0.0,3
ASCONv2,16KB_6.bin,ASCONv2_16KB_6.bin,16384,16.0,1,35.44543333327965,0.4408184223080076,0.03125,0.005208333333333333,15.33984375,15.33984375,0.0,3
LEA,16KB_6.bin,LEA_16KB_6.bin,16384,16.0,0,97.69183333340455,0.15994172150168073,0.09895833333333333,0.0,15.33984375,15.33984375,0.0,3
MSEA,16KB_6.bin,MSEA_16KB_6.bin,16384,16.0,0,27.788766666617448,0.5622775629970747,0.026041666666666668,0.0,15.33984375,15.33984375,0.0,3
AES,16KB_7.bin,AES_16KB_7.bin,16384,16.0,0,0.039700000191563355,393.57682429735775,0.0,0.0,15.33984375,15.33984375,0.0,3
PRESENT,16KB_7.bin,PRESENT_16KB_7.bin,16384,16.0,0,584.8846666664637,0.02671466853295081,0.5729166666666666,0.005208333333333333,15.33984375,15.34375,0.00390625,3
XTEA,16KB_7.bin,XTEA_16KB_7.bin,16384,16.0,0,34.9445666667331,0.44713675087219934,0.036458333333333336,0.0,15.34375,15.34375,0.0,3
SIMON,16KB_7.bin,SIMON_16KB_7.bin,16384,16.0,0,173.21356666646656,0.09020656003283452,0.171875,0.0,15.34375,15.34375,0.0,3
PRINCE,16KB_7.bin,PRINCE_16KB_7.bin,16384,16.0,0,155.08836666655648,0.10074901384185769,0.15104166666666666,0.005208333333333333,15.34375,15.34375,0.0,3
RECTANGLE,16KB_7.bin,RECTANGLE_16KB_7.bin,16384,16.0,0,516.6986000000785,0.030240066452662397,0.5104166666666666,0.005208333333333333,15.34375,15.34375,0.0,3
ASCONv2,16KB_7.bin,ASCONv2_16KB_7.bin,16384,16.0,1,35.05479999997382,0.4457306845285573,0.03125,0.0,15.34375,15.34375,0.0,3
LEA,16KB_7.bin,LEA_16KB_7.bin,16384,16.0,0,105.40419999991475,0.1482388747318668,0.109375,0.0,15.34375,15.34375,0.0,3
MSEA,16KB_7.bin,MSEA_16KB_7.bin,16384,16.0,0,28.062233333306114,0.5567981640810896,0.026041666666666668,0.0,15.34375,15.34375,0.0,3
AES,16KB_8.bin,AES_16KB_8.bin,16384,16.0,0,0.04263333357812371,366.4972613827599,0.0,0.0,15.34375,15.34375,0.0,3
PRESENT,16KB_8.bin,PRESENT_16KB_8.bin,16384,16.0,0,609.1274000001855,0.025651448284866585,0.5989583333333334,0.0,15.34375,15.34375,0.0,3
XTEA,16KB_8.bin,XTEA_16KB_8.bin,16384,16.0,0,52.34833333346008,0.29848132700745966,0.03125,0.010416666666666666,15.34375,15.34375,0.0,3
SIMON,16KB_8.bin,SIMON_16KB_8.bin,16384,16.0,0,185.71496666663734,0.08413430689217007,0.18229166666666666,0.0,15.34375,15.34375,0.0,3
PRINCE,16KB_8.bin,PRINCE_16KB_8.bin,16384,16.0,0,154.22583333323323,0.10131246926861676,0.15104166666666666,0.0,15.34375,15.34375,0.0,3
RECTANGLE,16KB_8.bin,RECTANGLE_16KB_8.bin,16384,16.0,0,502.40576666662184,0.03110035958318962,0.4947916666666667,0.0,15.34375,15.34375,0.0,3
ASCONv2,16KB_8.bin,ASCONv2_16KB_8.bin,16384,16.0,1,34.704433333293615,0.45023066217335966,0.03125,0.0,15.34375,15.34375,0.0,3
LEA,16KB_8.bin,LEA_16KB_8.bin,16384,16.0,0,95.44886666662933,0.16370021505412788,0.09895833333333333,0.0,15.34375,15.34375,0.0,3
MSEA,16KB_8.bin,MSEA_16KB_8.bin,16384,16.0,0,27.973566666635936,0.5585630243795809,0.020833333333333332,0.005208333333333333,15.34375,15.34375,0.0,3
AES,16KB_9.bin,AES_16KB_9.bin,16384,16.0,0,0.06013333343920143,259.8392456622724,0.0,0.0,15.34375,15.34375,0.0,3
PRESENT,16KB_9.bin,PRESENT_16KB_9.bin,16384,16.0,0,583.6614666667023,0.026770655409606815,0.5833333333333334,0.0,15.3515625,15.3515625,0.0,3
XTEA,16KB_9.bin,XTEA_16KB_9.bin,16384,16.0,0,36.70143333314021,0.42573269164098637,0.036458333333333336,0.0,15.3515625,15.3515625,0.0,3
SIMON,16KB_9.bin,SIMON_16KB_9.bin,16384,16.0,0,171.85940000005453,0.09091734289771197,0.171875,0.0,15.3515625,15.3515625,0.0,3
PRINCE,16KB_9.bin,PRINCE_16KB_9.bin,16384,16.0,0,155.11756666667983,0.10073004841273302,0.15104166666666666,0.0,15.3515625,15.3515625,0.0,3
RECTANGLE,16KB_9.bin,RECTANGLE_16KB_9.bin,16384,16.0,0,514.7627666665358,0.030353788214293874,0.515625,0.0,15.3515625,15.3515625,0.0,3
ASCONv2,16KB_9.bin,ASCONv2_16KB_9.bin,16384,16.0,1,35.79179999996995,0.43655250644038907,0.036458333333333336,0.0,15.3515625,15.3515625,0.0,3
LEA,16KB_9.bin,LEA_16KB_9.bin,16384,16.0,0,95.4116333333938,0.16376409725009178,0.09895833333333333,0.0,15.3515625,15.3515625,0.0,3
MSEA,16KB_9.bin,MSEA_16KB_9.bin,16384,16.0,0,27.274233333325054,0.5728850306823685,0.026041666666666668,0.0,15.3515625,15.3515625,0.0,3
AES,2048KB_0.bin,AES_2048KB_0.bin,2097152,2048.0,0,2.582866666822762,774.3334279272889,0.0,0.0,17.35546875,22.27734375,4.921875,3
PRESENT,2048KB_0.bin,PRESENT_2048KB_0.bin,2097152,2048.0,0,76407.66030000016,0.026175385977628158,76.06770833333333,0.11979166666666667,18.26953125,22.27734375,4.0078125,3
XTEA,2048KB_0.bin,XTEA_2048KB_0.bin,2097152,2048.0,0,4705.329899999621,0.4250498992642707,4.692708333333333,0.005208333333333333,18.26953125,21.1171875,2.84765625,3
SIMON,2048KB_0.bin,SIMON_2048KB_0.bin,2097152,2048.0,0,22987.80373333314,0.08700265685233462,22.890625,0.026041666666666668,17.11328125,22.2109375,5.09765625,3
PRINCE,2048KB_0.bin,PRINCE_2048KB_0.bin,2097152,2048.0,0,19771.929400000165,0.101153507052275,19.666666666666668,0.041666666666666664,18.203125,22.2109375,4.0078125,3
RECTANGLE,2048KB_0.bin,RECTANGLE_2048KB_0.bin,2097152,2048.0,0,66395.37133333305,0.030122581737801385,66.17708333333333,0.078125,18.203125,21.109375,2.90625,3
ASCONv2,2048KB_0.bin,ASCONv2_2048KB_0.bin,2097152,2048.0,1,4325.568266666778,0.46236699473966963,4.317708333333333,0.005208333333333333,17.10546875,22.2109375,5.10546875,3
LEA,2048KB_0.bin,LEA_2048KB_0.bin,2097152,2048.0,0,12322.774066666474,0.162301117360422,12.25,0.026041666666666668,18.203125,23.1796875,4.9765625,3
MSEA,2048KB_0.bin,MSEA_2048KB_0.bin,2097152,2048.0,0,3617.9249000000104,0.552803072280465,3.609375,0.0,19.171875,23.25390625,4.08203125,3
AES,2048KB_1.bin,AES_2048KB_1.bin,2097152,2048.0,0,2.1914333334886273,912.6446921459038,0.0,0.0,19.24609375,23.25390625,4.0078125,3
PRESENT,2048KB_1.bin,PRESENT_2048KB_1.bin,2097152,2048.0,0,76659.5061333334,0.026089393225693525,76.13541666666667,0.11979166666666667,19.24609375,22.26953125,3.0234375,3
XTEA,2048KB_1.bin,XTEA_2048KB_1.bin,2097152,2048.0,0,4504.397933333469,0.4440105047557165,4.494791666666667,0.0,18.26171875,21.109375,2.84765625,3
SIMON,2048KB_1.bin,SIMON_2048KB_1.bin,2097152,2048.0,0,22286.282033333617,0.08974130350717979,22.213541666666668,0.036458333333333336,17.10546875,22.2109375,5.10546875,3
PRINCE,2048KB_1.bin,PRINCE_2048KB_1.bin,2097152,2048.0,0,19552.322366666886,0.10228963917911012,19.458333333333332,0.036458333333333336,18.203125,22.2109375,4.0078125,3
RECTANGLE,2048KB_1.bin,RECTANGLE_2048KB_1.bin,2097152,2048.0,0,66018.37049999964,0.03029459807706115,65.76041666666667,0.09375,18.203125,21.1015625,2.8984375,3
ASCONv2,2048KB_1.bin,ASCONv2_2048KB_1.bin,2097152,2048.0,1,4313.078666666418,0.4637058942274757,4.286458333333333,0.0,17.09765625,22.203125,5.10546875,3
LEA,2048KB_1.bin,LEA_2048KB_1.bin,2097152,2048.0,0,12300.846466666675,0.1625904367979618,12.234375,0.020833333333333332,18.1953125,23.171875,4.9765625,3
MSEA,2048KB_1.bin,MSEA_2048KB_1.bin,2097152,2048.0,0,3959.4289666665645,0.505123344006799,3.9114583333333335,0.020833333333333332,19.1640625,23.24609375,4.08203125,3
AES,2048KB_2.bin,AES_2048KB_2.bin,2097152,2048.0,0,1.294199999999061,1545.3562046062827,0.0,0.0,19.23828125,23.24609375,4.0078125,3
PRESENT,2048KB_2.bin,PRESENT_2048KB_2.bin,2097152,2048.0,0,76820.81883333345,0.026034609242308368,76.328125,0.1875,19.23828125,22.21875,2.98046875,3
XTEA,2048KB_2.bin,XTEA_2048KB_2.bin,2097152,2048.0,0,4578.749699999814,0.4368004654196497,4.546875,0.005208333333333333,18.2109375,21.05859375,2.84765625,3
SIMON,2048KB_2.bin,SIMON_2048KB_2.bin,2097152,2048.0,0,23160.18863333314,0.08635508249365094,22.942708333333332,0.08333333333333333,17.0546875,22.16015625,5.10546875,3
PRINCE,2048KB_2.bin,PRINCE_2048KB_2.bin,2097152,2048.0,0,20336.8044000005,0.09834386763340021,20.15625,0.06770833333333333,18.15234375,22.16015625,4.0078125,3
RECTANGLE,2048KB_2.bin,RECTANGLE_2048KB_2.bin,2097152,2048.0,0,66662.71369999959,0.030001778940481574,66.328125,0.125,18.15234375,21.05859375,2.90625,3
ASCONv2,2048KB_2.bin,ASCONv2_2048KB_2.bin,2097152,2048.0,1,4422.162900000028,0.45226737350629653,4.354166666666667,0.041666666666666664,17.0546875,22.16015625,5.10546875,3
LEA,2048KB_2.bin,LEA_2048KB_2.bin,2097152,2048.0,0,12344.686466666948,0.16201302523157543,12.255208333333334,0.020833333333333332,18.15234375,23.12890625,4.9765625,3
MSEA,2048KB_2.bin,MSEA_2048KB_2.bin,2097152,2048.0,0,3677.097299999938,0.5439072825187502,3.6614583333333335,0.005208333333333333,19.12109375,23.203125,4.08203125,3
AES,2048KB_3.bin,AES_2048KB_3.bin,2097152,2048.0,0,1.2770333335841617,1566.129831855475,0.0,0.0,19.1953125,23.203125,4.0078125,3
PRESENT,2048KB_3.bin,PRESENT_2048KB_3.bin,2097152,2048.0,0,76367.90943333351,0.02618901073553584,75.8593749999997,0.17708333333333334,19.1953125,22.16796875,2.97265625,3
XTEA,2048KB_3.bin,XTEA_2048KB_3.bin,2097152,2048.0,0,4582.536033332872,0.43643955780210264,4.572916666666667,0.005208333333333333,18.16015625,21.0078125,2.84765625,3
SIMON,2048KB_3.bin,SIMON_2048KB_3.bin,2097152,2048.0,0,22802.003466666672,0.08771159091014609,22.708333333333332,0.041666666666666664,17.00390625,22.109375,5.10546875,3
PRINCE,2048KB_3.bin,PRINCE_2048KB_3.bin,2097152,2048.0,0,20439.486833333223,0.09784981473890775,20.213541666666668,0.109375,18.1015625,22.1015625,4.0,3
RECTANGLE,2048KB_3.bin,RECTANGLE_2048KB_3.bin,2097152,2048.0,0,67759.24126666693,0.029516269111234394,67.20833333333364,0.19791666666666666,18.09375,21.0,2.90625,3
ASCONv2,2048KB_3.bin,ASCONv2_2048KB_3.bin,2097152,2048.0,1,4359.272199999698,0.45879218095170526,4.328125,0.015625,16.99609375,22.1015625,5.10546875,3
LEA,2048KB_3.bin,LEA_2048KB_3.bin,2097152,2048.0,0,12466.888933333394,0.16042494728997642,12.364583333333334,0.052083333333333336,18.09375,23.0703125,4.9765625,3
MSEA,2048KB_3.bin,MSEA_2048KB_3.bin,2097152,2048.0,0,3612.2425666671916,0.553672673716728,3.5729166666666665,0.010416666666666666,19.0625,23.14453125,4.08203125,3
AES,2048KB_4.bin,AES_2048KB_4.bin,2097152,2048.0,0,1.6698666665130684,1197.7004153129778,0.005208333333333333,0.0,19.13671875,23.14453125,4.0078125,3
PRESENT,2048KB_4.bin,PRESENT_2048KB_4.bin,2097152,2048.0,0,76585.39093333336,0.02611464112967675,76.21354166666667,0.13541666666666666,19.13671875,22.15625,3.01953125,3
XTEA,2048KB_4.bin,XTEA_2048KB_4.bin,2097152,2048.0,0,4607.18650000005,0.4341044149178633,4.572916666666667,0.010416666666666666,18.1484375,21.0,2.8515625,3
SIMON,2048KB_4.bin,SIMON_2048KB_4.bin,2097152,2048.0,0,22906.263966666604,0.08731236149685595,22.786458333333332,0.057291666666666664,16.99609375,20.9140625,3.91796875,3
PRINCE,2048KB_4.bin,PRINCE_2048KB_4.bin,2097152,2048.0,0,19870.773166667277,0.10065033621112186,19.744791666666668,0.046875,16.90625,20.9140625,4.0078125,3
RECTANGLE,2048KB_4.bin,RECTANGLE_2048KB_4.bin,2097152,2048.0,0,66402.60953333351,0.03011929823324214,66.10416666666667,0.09895833333333333,16.9140625,20.921875,4.0078125,3
ASCONv2,2048KB_4.bin,ASCONv2_2048KB_4.bin,2097152,2048.0,1,4360.24783333293,0.4586895232675845,4.338541666666667,0.010416666666666666,16.9140625,19.8203125,2.90625,3
LEA,2048KB_4.bin,LEA_2048KB_4.bin,2097152,2048.0,0,12314.747100000204,0.16240690805578678,12.208333333333334,0.036458333333333336,15.81640625,21.890625,6.07421875,3
MSEA,2048KB_4.bin,MSEA_2048KB_4.bin,2097152,2048.0,0,3622.5698000004436,0.5520942619241609,3.5989583333333335,0.010416666666666666,17.8828125,21.96484375,4.08203125,3
AES,2048KB_5.bin,AES_2048KB_5.bin,2097152,2048.0,0,1.251133333122804,1598.5506476820017,0.0,0.0,17.95703125,21.96484375,4.0078125,3
PRESENT,2048KB_5.bin,PRESENT_2048KB_5.bin,2097152,2048.0,0,77092.59230000013,0.025942829788589125,76.53645833333333,0.203125,17.95703125,20.98046875,3.0234375,3
XTEA,2048KB_5.bin,XTEA_2048KB_5.bin,2097152,2048.0,0,4567.845633333188,0.4378431673358862,4.5625,0.0,16.97265625,20.98046875,4.0078125,3
SIMON,2048KB_5.bin,SIMON_2048KB_5.bin,2097152,2048.0,0,22402.25356666694,0.08927673254158085,22.3125,0.046875,16.97265625,19.8203125,2.84765625,3
PRINCE,2048KB_5.bin,PRINCE_2048KB_5.bin,2097152,2048.0,0,19598.952566666412,0.10204626972777965,19.526041666666668,0.020833333333333332,15.81640625,20.921875,5.10546875,3
RECTANGLE,2048KB_5.bin,RECTANGLE_2048KB_5.bin,2097152,2048.0,0,67262.03649999994,0.029734455036906315,66.80729166666636,0.11458333333333333,16.9140625,20.94921875,4.03515625,3
ASCONv2,2048KB_5.bin,ASCONv2_2048KB_5.bin,2097152,2048.0,1,4305.336166666469,0.4645397995828414,4.28125,0.0,16.94140625,21.16015625,4.21875,3
LEA,2048KB_5.bin,LEA_2048KB_5.bin,2097152,2048.0,0,12560.241166666856,0.15923261133772842,12.458333333333334,0.041666666666666664,17.15234375,20.06640625,2.9140625,3
MSEA,2048KB_5.bin,MSEA_2048KB_5.bin,2097152,2048.0,0,3695.6059666666383,0.5411832370765327,3.6614583333333335,0.005208333333333333,16.05859375,21.22265625,5.1640625,3
AES,2048KB_6.bin,AES_2048KB_6.bin,2097152,2048.0,0,1.5029333332374033,1330.731014989126,0.0,0.0,17.21484375,21.22265625,4.0078125,3
PRESENT,2048KB_6.bin,PRESENT_2048KB_6.bin,2097152,2048.0,0,77796.83826666648,0.025707985627186312,77.32291666666667,0.19791666666666666,17.21484375,20.05859375,2.84375,3
XTEA,2048KB_6.bin,XTEA_2048KB_6.bin,2097152,2048.0,0,4735.408300000017,0.4223500643017399,4.703125,0.015625,16.0546875,21.16015625,5.10546875,3
SIMON,2048KB_6.bin,SIMON_2048KB_6.bin,2097152,2048.0,0,27187.803666666696,0.07356239674674707,25.68229166666697,0.53125,17.15234375,21.16015625,4.0078125,3
PRINCE,2048KB_6.bin,PRINCE_2048KB_6.bin,2097152,2048.0,0,22139.70643333384,0.09033543448384543,21.067708333333332,0.5989583333333334,17.15234375,20.05859375,2.90625,3
RECTANGLE,2048KB_6.bin,RECTANGLE_2048KB_6.bin,2097152,2048.0,0,72100.53886666689,0.027739043721969024,69.8125,1.3697916666666667,16.0546875,21.16015625,5.10546875,3
ASCONv2,2048KB_6.bin,ASCONv2_2048KB_6.bin,2097152,2048.0,1,4692.933466666848,0.4261726730638051,4.520833333333333,0.109375,17.15234375,21.16015625,4.0078125,3
LEA,2048KB_6.bin,LEA_2048KB_6.bin,2097152,2048.0,0,14357.905399999558,0.13929608423245787,13.880208333333334,0.28125,17.15234375,22.171875,5.01953125,3
MSEA,2048KB_6.bin,MSEA_2048KB_6.bin,2097152,2048.0,0,3908.9541333323723,0.5116458090274407,3.796875,0.06770833333333333,18.1640625,22.23046875,4.06640625,3
AES,2048KB_7.bin,AES_2048KB_7.bin,2097152,2048.0,0,1.3416666667277848,1490.6832297457581,0.0,0.0,18.23046875,22.23828125,4.0078125,3
PRESENT,2048KB_7.bin,PRESENT_2048KB_7.bin,2097152,2048.0,0,77253.43796666614,0.02588881547074933,76.70833333333333,0.14583333333333334,18.23046875,20.9609375,2.73046875,3
XTEA,2048KB_7.bin,XTEA_2048KB_7.bin,2097152,2048.0,0,5421.380833332781,0.36890970427740727,5.078125,0.13541666666666666,16.953125,21.17578125,4.22265625,3
SIMON,2048KB_7.bin,SIMON_2048KB_7.bin,2097152,2048.0,0,25695.361000000048,0.0778350613560166,24.848958333333332,0.3697916666666667,17.16796875,20.078125,2.91015625,3
PRINCE,2048KB_7.bin,PRINCE_2048KB_7.bin,2097152,2048.0,0,20563.415966667282,0.09726010519078852,20.276041666666668,0.13541666666666666,16.07421875,21.1796875,5.10546875,3
RECTANGLE,2048KB_7.bin,RECTANGLE_2048KB_7.bin,2097152,2048.0,0,70408.42726666658,0.02840569059191099,68.78645833333333,0.71875,17.171875,21.1796875,4.0078125,3
ASCONv2,2048KB_7.bin,ASCONv2_2048KB_7.bin,2097152,2048.0,1,4667.120733333529,0.42852973262842586,4.515625,0.08333333333333333,17.171875,20.078125,2.90625,3
LEA,2048KB_7.bin,LEA_2048KB_7.bin,2097152,2048.0,0,13085.177799999656,0.15284469424634434,12.859375,0.08333333333333333,16.07421875,22.1484375,6.07421875,3
MSEA,2048KB_7.bin,MSEA_2048KB_7.bin,2097152,2048.0,0,3737.208233333149,0.5351588338486121,3.6927083333333335,0.005208333333333333,18.140625,22.22265625,4.08203125,3
AES,2048KB_8.bin,AES_2048KB_8.bin,2097152,2048.0,0,1.2296666664042277,1626.457034773797,0.0,0.0,18.21484375,22.22265625,4.0078125,3
PRESENT,2048KB_8.bin,PRESENT_2048KB_8.bin,2097152,2048.0,0,126167.86359999969,0.015851897170429737,122.08854166666667,1.7604166666666667,18.21484375,21.23828125,3.0234375,3
XTEA,2048KB_8.bin,XTEA_2048KB_8.bin,2097152,2048.0,0,17434.72649999967,0.11471358612938597,16.65625,0.3385416666666667,17.23046875,21.125,3.89453125,3
SIMON,2048KB_8.bin,SIMON_2048KB_8.bin,2097152,2048.0,0,86012.8578999999,0.02325233748569587,82.26041666666667,1.640625,17.125,19.97265625,2.84765625,3
PRINCE,2048KB_8.bin,PRINCE_2048KB_8.bin,2097152,2048.0,0,73852.33643333352,0.0270810660378416,70.671875,1.2708333333333333,15.96875,21.05078125,5.08203125,3
RECTANGLE,2048KB_8.bin,RECTANGLE_2048KB_8.bin,2097152,2048.0,0,246596.30499999912,0.008110421605871212,238.31770833333334,2.8333333333333335,17.04296875,20.7578125,3.71484375,3
ASCONv2,2048KB_8.bin,ASCONv2_2048KB_8.bin,2097152,2048.0,1,16068.438133333984,0.12446760434363555,15.505208333333334,0.13541666666666666,16.75,19.65625,2.90625,3
LEA,2048KB_8.bin,LEA_2048KB_8.bin,2097152,2048.0,0,45645.885233333196,0.04381555949186604,44.307291666666664,0.34375,15.65625,21.7421875,6.0859375,3
MSEA,2048KB_8.bin,MSEA_2048KB_8.bin,2097152,2048.0,0,13304.149900000388,0.15032903380019355,12.932291666666666,0.0625,17.734375,21.8203125,4.0859375,3
AES,2048KB_9.bin,AES_2048KB_9.bin,2097152,2048.0,0,4.244633333049326,471.1832196264662,0.005208333333333333,0.0,17.8125,21.8203125,4.0078125,3
PRESENT,2048KB_9.bin,PRESENT_2048KB_9.bin,2097152,2048.0,0,86914.7792666663,0.023011046186560854,85.55729166666606,0.3125,17.8125,19.8984375,2.0859375,3
XTEA,2048KB_9.bin,XTEA_2048KB_9.bin,2097152,2048.0,0,4655.325466666302,0.42961550472049126,4.609375,0.026041666666666668,15.89453125,21.0,5.10546875,3
SIMON,2048KB_9.bin,SIMON_2048KB_9.bin,2097152,2048.0,0,23089.141166667105,0.08662080523321163,22.963541666666668,0.057291666666666664,16.9921875,20.98828125,3.99609375,3
PRINCE,2048KB_9.bin,PRINCE_2048KB_9.bin,2097152,2048.0,0,23655.130966666547,0.08454825309647557,23.302083333333332,0.09895833333333333,16.98046875,19.88671875,2.90625,3
RECTANGLE,2048KB_9.bin,RECTANGLE_2048KB_9.bin,2097152,2048.0,0,75317.33939999988,0.02655431028143837,74.75,0.16666666666666666,15.8828125,20.984375,5.1015625,3
ASCONv2,2048KB_9.bin,ASCONv2_2048KB_9.bin,2097152,2048.0,1,4329.830333333423,0.4619118639829594,4.307291666666667,0.010416666666666666,16.9765625,20.984375,4.0078125,3
LEA,2048KB_9.bin,LEA_2048KB_9.bin,2097152,2048.0,0,12338.643533334107,0.16209237219608424,12.286458333333334,0.03125,16.9765625,19.91796875,2.94140625,3
MSEA,2048KB_9.bin,MSEA_2048KB_9.bin,2097152,2048.0,0,3683.898433332312,0.5429031326987149,3.640625,0.015625,15.91015625,21.078125,5.16796875,3
AES,256KB_0.bin,AES_256KB_0.bin,262144,256.0,0,0.22943333351577166,1089.6411439831804,0.0,0.0,15.06640625,15.6171875,0.55078125,3
PRESENT,256KB_0.bin,PRESENT_256KB_0.bin,262144,256.0,0,9549.140733333237,0.02618036606449035,9.46875,0.03125,14.21484375,15.5859375,1.37109375,3
XTEA,256KB_0.bin,XTEA_256KB_0.bin,262144,256.0,0,576.5713000000687,0.43359771809656533,0.5625,0.010416666666666666,14.21875,15.58984375,1.37109375,3
SIMON,256KB_0.bin,SIMON_256KB_0.bin,262144,256.0,0,2855.83779999979,0.08753998563924686,2.828125,0.015625,14.22265625,14.73046875,0.5078125,3
PRINCE,256KB_0.bin,PRINCE_256KB_0.bin,262144,256.0,0,2503.3593000001324,0.09986580831604427,2.484375,0.015625,14.48046875,15.59375,1.11328125,3
RECTANGLE,256KB_0.bin,RECTANGLE_256KB_0.bin,262144,256.0,0,8350.340099999812,0.029938900332934417,8.265625,0.026041666666666668,14.23046875,14.73828125,0.5078125,3
ASCONv2,256KB_0.bin,ASCONv2_256KB_0.bin,262144,256.0,1,560.745299999932,0.44583521252880826,0.5416666666666666,0.010416666666666666,14.484375,14.734375,0.25,3
LEA,256KB_0.bin,LEA_256KB_0.bin,262144,256.0,0,1569.2310000000969,0.15931370206170065,1.546875,0.0,14.484375,15.6171875,1.1328125,3
MSEA,256KB_0.bin,MSEA_256KB_0.bin,262144,256.0,0,477.10663333358144,0.5239918763091396,0.4791666666666667,0.0,14.23828125,15.64453125,1.40625,3
AES,256KB_1.bin,AES_256KB_1.bin,262144,256.0,0,0.21453333404982308,1165.320070688596,0.0,0.0,14.23828125,15.2421875,1.00390625,3
PRESENT,256KB_1.bin,PRESENT_256KB_1.bin,262144,256.0,0,14153.890933333969,0.017662987596663085,14.057291666666666,0.020833333333333332,14.23828125,14.74609375,0.5078125,3
XTEA,256KB_1.bin,XTEA_256KB_1.bin,262144,256.0,0,844.8417333329417,0.29591341210588384,0.84375,0.0,14.4921875,15.60546875,1.11328125,3
SIMON,256KB_1.bin,SIMON_256KB_1.bin,262144,256.0,0,4302.23163333297,0.058109377017974084,4.276041666666667,0.0,14.23828125,15.60546875,1.3671875,3
PRINCE,256KB_1.bin,PRINCE_256KB_1.bin,262144,256.0,0,3681.198299999475,0.06791266854601005,3.6510416666666665,0.020833333333333332,14.23828125,14.75,0.51171875,3
RECTANGLE,256KB_1.bin,RECTANGLE_256KB_1.bin,262144,256.0,0,8474.072066667455,0.029501755240360604,8.427083333333334,0.015625,14.49609375,15.625,1.12890625,3
ASCONv2,256KB_1.bin,ASCONv2_256KB_1.bin,262144,256.0,1,551.691733334034,0.453151615104285,0.546875,0.005208333333333333,14.2578125,14.76171875,0.50390625,3
LEA,256KB_1.bin,LEA_256KB_1.bin,262144,256.0,0,1582.2179333329889,0.15800604628046883,1.5677083333333333,0.010416666666666666,14.51171875,15.640625,1.12890625,3
MSEA,256KB_1.bin,MSEA_256KB_1.bin,262144,256.0,0,446.1489333334612,0.5603509978878392,0.4427083333333333,0.005208333333333333,14.26953125,14.77734375,0.5078125,3
AES,256KB_2.bin,AES_256KB_2.bin,262144,256.0,0,0.14806666695221793,1688.4286324934742,0.0,0.0,14.5234375,15.2734375,0.75,3
PRESENT,256KB_2.bin,PRESENT_256KB_2.bin,262144,256.0,0,9644.830833334103,0.025920620518916658,9.583333333333334,0.015625,14.26953125,15.63671875,1.3671875,3
XTEA,256KB_2.bin,XTEA_256KB_2.bin,262144,256.0,0,577.8265000002042,0.43265582315783657,0.5677083333333334,0.0,14.26953125,15.63671875,1.3671875,3
SIMON,256KB_2.bin,SIMON_256KB_2.bin,262144,256.0,0,3064.64306666688,0.08157556836525866,3.0520833333333335,0.0,14.26953125,14.77734375,0.5078125,3
PRINCE,256KB_2.bin,PRINCE_256KB_2.bin,262144,256.0,0,2522.671533334384,0.09910128873161629,2.4791666666666665,0.005208333333333333,14.5234375,15.63671875,1.11328125,3
RECTANGLE,256KB_2.bin,RECTANGLE_256KB_2.bin,262144,256.0,0,8435.82079999942,0.02963552758256994,8.359375,0.03125,14.26953125,15.64453125,1.375,3
ASCONv2,256KB_2.bin,ASCONv2_256KB_2.bin,262144,256.0,1,584.1214333334696,0.42799319753308435,0.5833333333333334,0.005208333333333333,14.27734375,15.03125,0.75390625,3
LEA,256KB_2.bin,LEA_256KB_2.bin,262144,256.0,0,1599.6673666674421,0.1562824904785177,1.578125,0.0,14.27734375,14.7890625,0.51171875,3
MSEA,256KB_2.bin,MSEA_256KB_2.bin,262144,256.0,0,448.90786666655913,0.5569071485790994,0.4375,0.010416666666666666,14.53515625,15.6875,1.15234375,3
AES,256KB_3.bin,AES_256KB_3.bin,262144,256.0,0,0.272699999792773,916.7583431975692,0.0,0.0,14.28125,14.7890625,0.5078125,3
PRESENT,256KB_3.bin,PRESENT_256KB_3.bin,262144,256.0,0,9677.545400000477,0.025832996867158863,9.619791666666666,0.03125,14.53515625,15.6484375,1.11328125,3
XTEA,256KB_3.bin,XTEA_256KB_3.bin,262144,256.0,0,588.704433333381,0.42466131702872023,0.5885416666666666,0.0,14.28125,14.7890625,0.5078125,3
SIMON,256KB_3.bin,SIMON_256KB_3.bin,262144,256.0,0,2873.069333333357,0.08701495543441971,2.8541666666666665,0.010416666666666666,14.53515625,15.6484375,1.11328125,3
PRINCE,256KB_3.bin,PRINCE_256KB_3.bin,262144,256.0,0,2502.488200000395,0.09990057095971942,2.5,0.0,14.28125,15.6484375,1.3671875,3
RECTANGLE,256KB_3.bin,RECTANGLE_256KB_3.bin,262144,256.0,0,8464.145300000382,0.029536354958366408,8.390625,0.026041666666666668,14.28125,14.7890625,0.5078125,3
ASCONv2,256KB_3.bin,ASCONv2_256KB_3.bin,262144,256.0,1,556.4015333329735,0.4493157998728766,0.5520833333333334,0.005208333333333333,14.53515625,14.78515625,0.25,3
LEA,256KB_3.bin,LEA_256KB_3.bin,262144,256.0,0,1546.560199999173,0.1616490583425939,1.5416666666666667,0.0,14.53515625,15.66015625,1.125,3
MSEA,256KB_3.bin,MSEA_256KB_3.bin,262144,256.0,0,448.02836666652485,0.5580003825652389,0.4375,0.0,14.28125,15.6875,1.40625,3
AES,256KB_4.bin,AES_256KB_4.bin,262144,256.0,0,0.16353333376173396,1528.7403139732166,0.0,0.0,14.28125,15.28515625,1.00390625,3
PRESENT,256KB_4.bin,PRESENT_256KB_4.bin,262144,256.0,0,9783.952566666509,0.025552045382122853,9.67708333333394,0.03125,14.2890625,14.796875,0.5078125,3
XTEA,256KB_4.bin,XTEA_256KB_4.bin,262144,256.0,0,589.5500333335804,0.42405221926014974,0.5885416666666666,0.0,14.54296875,15.65625,1.11328125,3
SIMON,256KB_4.bin,SIMON_256KB_4.bin,262144,256.0,0,2870.4364333328463,0.0870947696652967,2.8541666666666665,0.005208333333333333,14.2890625,15.65625,1.3671875,3
PRINCE,256KB_4.bin,PRINCE_256KB_4.bin,262144,256.0,0,2543.266066666547,0.09829879904294654,2.5364583333333335,0.0,14.2890625,14.796875,0.5078125,3
RECTANGLE,256KB_4.bin,RECTANGLE_256KB_4.bin,262144,256.0,0,8379.462933333343,0.029834847649424498,8.34375,0.010416666666666666,14.54296875,15.65625,1.11328125,3
ASCONv2,256KB_4.bin,ASCONv2_256KB_4.bin,262144,256.0,1,548.9665666664223,0.4554011394867179,0.546875,0.005208333333333333,14.2890625,14.79296875,0.50390625,3
LEA,256KB_4.bin,LEA_256KB_4.bin,262144,256.0,0,1584.1096333333553,0.15781735982120043,1.5729166666666667,0.005208333333333333,14.54296875,15.66796875,1.125,3
MSEA,256KB_4.bin,MSEA_256KB_4.bin,262144,256.0,0,437.426399999822,0.5715247182156855,0.4375,0.0,14.2890625,14.796875,0.5078125,3
AES,256KB_5.bin,AES_256KB_5.bin,262144,256.0,0,0.1612999997936034,1549.9070075628986,0.0,0.0,14.54296875,15.29296875,0.75,3
PRESENT,256KB_5.bin,PRESENT_256KB_5.bin,262144,256.0,0,9587.011000000226,0.026076949322368995,9.5,0.026041666666666668,14.2890625,15.65625,1.3671875,3
XTEA,256KB_5.bin,XTEA_256KB_5.bin,262144,256.0,0,573.4403333329586,0.43596514836503775,0.5729166666666666,0.0,14.2890625,15.65625,1.3671875,3
SIMON,256KB_5.bin,SIMON_256KB_5.bin,262144,256.0,0,2905.5187333342474,0.08604315543789691,2.9010416666666665,0.0,14.2890625,14.796875,0.5078125,3
PRINCE,256KB_5.bin,PRINCE_256KB_5.bin,262144,256.0,0,3485.3859000001344,0.07172806890622653,3.4375,0.010416666666666666,14.54296875,15.69921875,1.15625,3
RECTANGLE,256KB_5.bin,RECTANGLE_256KB_5.bin,262144,256.0,0,8457.654399999834,0.02955902288937284,8.411458333333334,0.015625,14.33203125,15.69921875,1.3671875,3
ASCONv2,256KB_5.bin,ASCONv2_256KB_5.bin,262144,256.0,1,553.2213666659421,0.45189867033996955,0.5520833333333334,0.0,14.33203125,15.0859375,0.75390625,3
LEA,256KB_5.bin,LEA_256KB_5.bin,262144,256.0,0,1576.6328333338606,0.15856577049163934,1.5625,0.005208333333333333,14.33203125,14.83984375,0.5078125,3
MSEA,256KB_5.bin,MSEA_256KB_5.bin,262144,256.0,0,457.75486666692206,0.546143838557829,0.4479166666666667,0.0,14.5859375,15.73828125,1.15234375,3
AES,256KB_6.bin,AES_256KB_6.bin,262144,256.0,0,0.26016666682456463,960.9224850029684,0.0,0.0,14.33203125,14.83984375,0.5078125,3
PRESENT,256KB_6.bin,PRESENT_256KB_6.bin,262144,256.0,0,9614.72626666667,0.026001780296827162,9.536458333333334,0.020833333333333332,14.5859375,15.69921875,1.11328125,3
XTEA,256KB_6.bin,XTEA_256KB_6.bin,262144,256.0,0,586.6255666666499,0.4261662194857296,0.5833333333333334,0.0,14.33203125,14.83984375,0.5078125,3
SIMON,256KB_6.bin,SIMON_256KB_6.bin,262144,256.0,0,2897.907933333651,0.08626913130135533,2.875,0.0,14.59765625,15.7109375,1.11328125,3
PRINCE,256KB_6.bin,PRINCE_256KB_6.bin,262144,256.0,0,2493.740166666612,0.10025102187537668,2.4739583333333335,0.005208333333333333,14.34375,14.8203125,0.4765625,3
RECTANGLE,256KB_6.bin,RECTANGLE_256KB_6.bin,262144,256.0,0,8426.636266667023,0.029667828548494143,8.369791666666666,0.015625,14.5703125,15.67578125,1.10546875,3
ASCONv2,256KB_6.bin,ASCONv2_256KB_6.bin,262144,256.0,1,548.5959999999371,0.4557087547120807,0.5364583333333334,0.0,14.30859375,15.0625,0.75390625,3
LEA,256KB_6.bin,LEA_256KB_6.bin,262144,256.0,0,1607.5019000005948,0.15552081151500194,1.609375,0.0,14.30859375,14.81640625,0.5078125,3
MSEA,256KB_6.bin,MSEA_256KB_6.bin,262144,256.0,0,450.57316666740616,0.554848842528919,0.4479166666666667,0.0,14.5625,15.71484375,1.15234375,3
AES,256KB_7.bin,AES_256KB_7.bin,262144,256.0,0,0.23799999992964635,1050.4201683777349,0.0,0.0,14.30859375,14.81640625,0.5078125,3
PRESENT,256KB_7.bin,PRESENT_256KB_7.bin,262144,256.0,0,9558.100133332724,0.026155825583805623,9.463541666666666,0.036458333333333336,14.5625,15.67578125,1.11328125,3
XTEA,256KB_7.bin,XTEA_256KB_7.bin,262144,256.0,0,588.4056666673132,0.4248769414747172,0.5885416666666666,0.0,14.30859375,14.81640625,0.5078125,3
SIMON,256KB_7.bin,SIMON_256KB_7.bin,262144,256.0,0,2871.908799999801,0.08705011802603806,2.8541666666666665,0.015625,14.5625,15.67578125,1.11328125,3
PRINCE,256KB_7.bin,PRINCE_256KB_7.bin,262144,256.0,0,2505.146966666871,0.09979454432273413,2.4895833333333335,0.0,14.30859375,15.67578125,1.3671875,3
RECTANGLE,256KB_7.bin,RECTANGLE_256KB_7.bin,262144,256.0,0,8259.169666666518,0.030269386644154322,8.213541666666666,0.020833333333333332,14.30859375,14.81640625,0.5078125,3
ASCONv2,256KB_7.bin,ASCONv2_256KB_7.bin,262144,256.0,1,549.4490333330759,0.45500125550034415,0.546875,0.0,14.5625,14.8125,0.25,3
LEA,256KB_7.bin,LEA_256KB_7.bin,262144,256.0,0,1540.6029333328963,0.1622741295572878,1.5364583333333333,0.0,14.5625,15.6875,1.125,3
MSEA,256KB_7.bin,MSEA_256KB_7.bin,262144,256.0,0,449.4872333331538,0.5561893229895217,0.4427083333333333,0.0,14.30859375,15.71484375,1.40625,3
AES,256KB_8.bin,AES_256KB_8.bin,262144,256.0,0,0.1609999999345746,1552.7950316869085,0.0,0.0,14.30859375,15.3125,1.00390625,3
PRESENT,256KB_8.bin,PRESENT_256KB_8.bin,262144,256.0,0,9651.907966667446,0.025901614568162788,9.583333333333334,0.015625,14.30859375,14.81640625,0.5078125,3
XTEA,256KB_8.bin,XTEA_256KB_8.bin,262144,256.0,0,589.4410000000789,0.42413065938739675,0.5729166666666666,0.010416666666666666,14.5625,15.67578125,1.11328125,3
SIMON,256KB_8.bin,SIMON_256KB_8.bin,262144,256.0,0,2864.900000001095,0.08726308073576894,2.84375,0.0,14.30859375,15.67578125,1.3671875,3
PRINCE,256KB_8.bin,PRINCE_256KB_8.bin,262144,256.0,0,2514.507833332876,0.09942303487224986,2.4895833333333335,0.010416666666666666,14.30859375,14.81640625,0.5078125,3
RECTANGLE,256KB_8.bin,RECTANGLE_256KB_8.bin,262144,256.0,0,8326.57860000048,0.030024336766602506,8.276041666666666,0.015625,14.5625,15.6796875,1.1171875,3
ASCONv2,256KB_8.bin,ASCONv2_256KB_8.bin,262144,256.0,1,543.163233333568,0.46026679395376113,0.5364583333333334,0.0,14.3125,14.81640625,0.50390625,3
LEA,256KB_8.bin,LEA_256KB_8.bin,262144,256.0,0,1583.437533333684,0.15788434639013732,1.5572916666666667,0.010416666666666666,14.56640625,15.69140625,1.125,3
MSEA,256KB_8.bin,MSEA_256KB_8.bin,262144,256.0,0,438.4641666668661,0.5701720208984458,0.4322916666666667,0.0,14.3125,14.8203125,0.5078125,3
AES,256KB_9.bin,AES_256KB_9.bin,262144,256.0,0,0.14876666621906529,1680.4839844422156,0.0,0.0,14.57421875,15.32421875,0.75,3
PRESENT,256KB_9.bin,PRESENT_256KB_9.bin,262144,256.0,0,9488.961066666889,0.0263464038100238,9.416666666666666,0.036458333333333336,14.3203125,15.6875,1.3671875,3
XTEA,256KB_9.bin,XTEA_256KB_9.bin,262144,256.0,0,573.0101999997714,0.4362924080585297,0.5625,0.0,14.32421875,14.828125,0.50390625,3
SIMON,256KB_9.bin,SIMON_256KB_9.bin,262144,256.0,0,2850.610333333558,0.0877005170003875,2.828125,0.010416666666666666,14.57421875,15.6875,1.11328125,3
PRINCE,256KB_9.bin,PRINCE_256KB_9.bin,262144,256.0,0,2487.2579666674333,0.1005122923919966,2.4583333333333335,0.015625,14.3203125,15.6875,1.3671875,3
RECTANGLE,256KB_9.bin,RECTANGLE_256KB_9.bin,262144,256.0,0,8352.643566666908,0.029930643873956376,8.291666666666666,0.020833333333333332,14.3203125,14.828125,0.5078125,3
ASCONv2,256KB_9.bin,ASCONv2_256KB_9.bin,262144,256.0,1,562.0821333335092,0.444774856153742,0.5572916666666666,0.0,14.57421875,14.82421875,0.25,3
LEA,256KB_9.bin,LEA_256KB_9.bin,262144,256.0,0,1590.492133334313,0.1571840531369993,1.578125,0.005208333333333333,14.57421875,15.69921875,1.125,3
MSEA,256KB_9.bin,MSEA_256KB_9.bin,262144,256.0,0,449.186099999982,0.556562191038436,0.4479166666666667,0.0,14.3203125,15.7265625,1.40625,3
AES,512KB_0.bin,AES_512KB_0.bin,524288,512.0,0,0.33240000023700605,1504.2117919479324,0.0,0.0,14.5703125,16.57421875,2.00390625,3
PRESENT,512KB_0.bin,PRESENT_512KB_0.bin,524288,512.0,0,19019.923366666262,0.02628822368844476,18.90625,0.041666666666666664,14.56640625,16.1796875,1.61328125,3
XTEA,512KB_0.bin,XTEA_512KB_0.bin,524288,512.0,0,1181.476233333645,0.4231993720171615,1.1666666666666667,0.010416666666666666,14.578125,17.234375,2.65625,3
SIMON,512KB_0.bin,SIMON_512KB_0.bin,524288,512.0,0,5780.602399999528,0.0864961755543057,5.760416666666667,0.0,14.5859375,16.8125,2.2265625,3
PRINCE,512KB_0.bin,PRINCE_512KB_0.bin,524288,512.0,0,4980.543266666548,0.1003906548400788,4.953125,0.010416666666666666,14.58203125,16.8046875,2.22265625,3
RECTANGLE,512KB_0.bin,RECTANGLE_512KB_0.bin,524288,512.0,0,16908.609800000097,0.029570733839987078,16.734375,0.057291666666666664,14.5859375,16.82421875,2.23828125,3
ASCONv2,512KB_0.bin,ASCONv2_512KB_0.bin,524288,512.0,1,1116.5248999993007,0.4478180468705294,1.109375,0.0,14.59375,15.60546875,1.01171875,3
LEA,512KB_0.bin,LEA_512KB_0.bin,524288,512.0,0,3176.8591333329823,0.15738815572707754,3.1458333333333335,0.010416666666666666,14.60546875,15.61328125,1.0078125,3
MSEA,512KB_0.bin,MSEA_512KB_0.bin,524288,512.0,0,884.9155666660712,0.5650256576271512,0.875,0.0,14.60546875,17.24609375,2.640625,3
AES,512KB_1.bin,AES_512KB_1.bin,524288,512.0,0,0.9440666666099181,529.623614183379,0.0,0.0,14.609375,15.61328125,1.00390625,3
PRESENT,512KB_1.bin,PRESENT_512KB_1.bin,524288,512.0,0,19130.320433333207,0.026136519863451214,19.020833333333332,0.052083333333333336,14.60546875,16.84765625,2.2421875,3
XTEA,512KB_1.bin,XTEA_512KB_1.bin,524288,512.0,0,1161.511066666814,0.43047372887703,1.1510416666666667,0.010416666666666666,14.609375,15.6171875,1.0078125,3
SIMON,512KB_1.bin,SIMON_512KB_1.bin,524288,512.0,0,5802.316266666821,0.0861724830258569,5.755208333333333,0.015625,14.609375,15.61328125,1.00390625,3
PRINCE,512KB_1.bin,PRINCE_512KB_1.bin,524288,512.0,0,5012.5254000001105,0.09975011797446233,4.984375,0.010416666666666666,14.61328125,16.86328125,2.25,3
RECTANGLE,512KB_1.bin,RECTANGLE_512KB_1.bin,524288,512.0,0,16627.205233333978,0.03007119915724666,16.510416666666668,0.057291666666666664,14.61328125,16.85546875,2.2421875,3
ASCONv2,512KB_1.bin,ASCONv2_512KB_1.bin,524288,512.0,1,1120.4663333331457,0.4462427697515978,1.109375,0.010416666666666666,14.6171875,15.625,1.0078125,3
LEA,512KB_1.bin,LEA_512KB_1.bin,524288,512.0,0,3125.726433333208,0.15996281525725545,3.1145833333333335,0.0,14.62109375,16.87890625,2.2578125,3
MSEA,512KB_1.bin,MSEA_512KB_1.bin,524288,512.0,0,899.8575666670755,0.5556434912826458,0.8958333333333334,0.0,14.625,17.28125,2.65625,3
AES,512KB_2.bin,AES_512KB_2.bin,524288,512.0,0,0.31456666632341995,1589.4881865388998,0.0,0.0,14.625,15.62890625,1.00390625,3
PRESENT,512KB_2.bin,PRESENT_512KB_2.bin,524288,512.0,0,19040.34906666675,0.026260022767929814,18.927083333333332,0.052083333333333336,14.625,15.6328125,1.0078125,3
XTEA,512KB_2.bin,XTEA_512KB_2.bin,524288,512.0,0,1165.2835333334224,0.42908012144451635,1.1614583333333333,0.0,14.62890625,16.88671875,2.2578125,3
SIMON,512KB_2.bin,SIMON_512KB_2.bin,524288,512.0,0,5758.694699999978,0.08682523141919676,5.734374999999393,0.0,14.62890625,16.88671875,2.2578125,3
PRINCE,512KB_2.bin,PRINCE_512KB_2.bin,524288,512.0,0,5034.365266666403,0.09931738630699002,5.005208333333333,0.015625,14.62890625,16.88671875,2.2578125,3
RECTANGLE,512KB_2.bin,RECTANGLE_512KB_2.bin,524288,512.0,0,16690.427833333768,0.029957290789239723,16.583333333333332,0.0,14.62890625,16.88671875,2.2578125,3
ASCONv2,512KB_2.bin,ASCONv2_512KB_2.bin,524288,512.0,1,1095.9041666671208,0.4562442731836736,1.0833333333333333,0.010416666666666666,14.62890625,17.375,2.74609375,3
LEA,512KB_2.bin,LEA_512KB_2.bin,524288,512.0,0,3183.66053333375,0.15705192019214062,3.1666666666666665,0.0,14.640625,16.90234375,2.26171875,3
MSEA,512KB_2.bin,MSEA_512KB_2.bin,524288,512.0,0,893.4509000003649,0.5596278430071489,0.8854166666666666,0.005208333333333333,14.64453125,16.90234375,2.2578125,3
AES,512KB_3.bin,AES_512KB_3.bin,524288,512.0,0,0.29256666675792076,1709.012190420573,0.0,0.0,14.64453125,16.6484375,2.00390625,3
PRESENT,512KB_3.bin,PRESENT_512KB_3.bin,524288,512.0,0,18977.97766666675,0.02634632671521206,18.854166666666668,0.03125,14.64453125,16.890625,2.24609375,3
XTEA,512KB_3.bin,XTEA_512KB_3.bin,524288,512.0,0,1165.4548333329633,0.4290170547151123,1.1510416666666667,0.010416666666666666,14.6484375,16.890625,2.2421875,3
SIMON,512KB_3.bin,SIMON_512KB_3.bin,524288,512.0,0,5780.31639999972,0.08650045523460001,5.760416666666667,0.010416666666666666,14.6484375,16.890625,2.2421875,3
PRINCE,512KB_3.bin,PRINCE_512KB_3.bin,524288,512.0,0,4958.7850000007165,0.10083115117915532,4.921875,0.0,14.6484375,16.890625,2.2421875,3
RECTANGLE,512KB_3.bin,RECTANGLE_512KB_3.bin,524288,512.0,0,16524.916500000472,0.030257338970516776,16.432291666666668,0.046875,14.6484375,16.890625,2.2421875,3
ASCONv2,512KB_3.bin,ASCONv2_512KB_3.bin,524288,512.0,1,1108.0930666666973,0.4512256371245708,1.109375,0.0,14.6484375,15.65234375,1.00390625,3
LEA,512KB_3.bin,LEA_512KB_3.bin,524288,512.0,0,3115.9488333335808,0.16046476586878924,3.1145833333333335,0.0,14.640625,16.86328125,2.22265625,3
MSEA,512KB_3.bin,MSEA_512KB_3.bin,524288,512.0,0,1021.2717666672688,0.4895856483251832,1.0104166666666667,0.005208333333333333,14.6328125,16.8671875,2.234375,3
AES,512KB_4.bin,AES_512KB_4.bin,524288,512.0,0,0.5050000005818825,990.0990087601558,0.0,0.0,14.6328125,16.63671875,2.00390625,3
PRESENT,512KB_4.bin,PRESENT_512KB_4.bin,524288,512.0,0,19159.793299999972,0.026096314932583367,19.088541666666668,0.010416666666666666,14.63671875,16.8671875,2.23046875,3
XTEA,512KB_4.bin,XTEA_512KB_4.bin,524288,512.0,0,1171.8760666663002,0.4266662783056721,1.1666666666666667,0.0,14.6328125,16.85546875,2.22265625,3
SIMON,512KB_4.bin,SIMON_512KB_4.bin,524288,512.0,0,5780.7049000002735,0.08649464185587061,5.734375,0.026041666666666668,14.6328125,16.87109375,2.23828125,3
PRINCE,512KB_4.bin,PRINCE_512KB_4.bin,524288,512.0,0,5004.394300000665,0.09991219117165359,4.984375,0.005208333333333333,14.63671875,16.8671875,2.23046875,3
RECTANGLE,512KB_4.bin,RECTANGLE_512KB_4.bin,524288,512.0,0,16520.585800000237,0.03026527061770369,16.427083333333332,0.041666666666666664,14.6328125,16.85546875,2.22265625,3
ASCONv2,512KB_4.bin,ASCONv2_512KB_4.bin,524288,512.0,1,1103.8853666668729,0.45294558212119906,1.09375,0.0,14.6328125,17.36328125,2.73046875,3
LEA,512KB_4.bin,LEA_512KB_4.bin,524288,512.0,0,3153.505133333359,0.15855372953570668,3.140625,0.0,14.6171875,15.63671875,1.01953125,3
MSEA,512KB_4.bin,MSEA_512KB_4.bin,524288,512.0,0,893.0197333338583,0.5598980418197247,0.875,0.010416666666666666,14.6328125,16.87109375,2.23828125,3
AES,512KB_5.bin,AES_512KB_5.bin,524288,512.0,0,0.2999666667165002,1666.8518721533555,0.0,0.0,14.625,16.6328125,2.0078125,3
PRESENT,512KB_5.bin,PRESENT_512KB_5.bin,524288,512.0,0,19139.44293333346,0.026124062322064486,19.057291666667272,0.010416666666666666,14.63671875,16.87890625,2.2421875,3
XTEA,512KB_5.bin,XTEA_512KB_5.bin,524288,512.0,0,1171.6777333331265,0.42673850136046076,1.171875,0.0,14.6328125,16.86328125,2.23046875,3
SIMON,512KB_5.bin,SIMON_512KB_5.bin,524288,512.0,0,5739.156866666842,0.0871208108814749,5.697916666666667,0.005208333333333333,14.63671875,15.640625,1.00390625,3
PRINCE,512KB_5.bin,PRINCE_512KB_5.bin,524288,512.0,0,5003.195833333545,0.09993612416063642,4.953125,0.020833333333333332,14.6328125,16.86328125,2.23046875,3
RECTANGLE,512KB_5.bin,RECTANGLE_512KB_5.bin,524288,512.0,0,16466.880500000116,0.030363978168178027,16.395833333333332,0.03125,14.63671875,16.87890625,2.2421875,3
ASCONv2,512KB_5.bin,ASCONv2_512KB_5.bin,524288,512.0,1,1109.5244333337178,0.45064352345777703,1.1041666666666667,0.005208333333333333,14.6328125,16.1328125,1.5,3
LEA,512KB_5.bin,LEA_512KB_5.bin,524288,512.0,0,3202.1716333335157,0.15614403512765224,3.1822916666666665,0.010416666666666666,14.63671875,16.875,2.23828125,3
MSEA,512KB_5.bin,MSEA_512KB_5.bin,524288,512.0,0,916.3426000007652,0.5456474467077952,0.90625,0.010416666666666666,14.63671875,17.28125,2.64453125,3
AES,512KB_6.bin,AES_512KB_6.bin,524288,512.0,0,0.27803333311264095,1798.3455235471088,0.0,0.0,14.63671875,16.640625,2.00390625,3
PRESENT,512KB_6.bin,PRESENT_512KB_6.bin,524288,512.0,0,19097.734133333386,0.02618111638318887,18.979166666666668,0.052083333333333336,14.63671875,16.87890625,2.2421875,3
XTEA,512KB_6.bin,XTEA_512KB_6.bin,524288,512.0,0,1155.4496999997355,0.4327319484354139,1.1458333333333333,0.005208333333333333,14.63671875,15.640625,1.00390625,3
SIMON,512KB_6.bin,SIMON_512KB_6.bin,524288,512.0,0,5751.386733333372,0.08693555540303781,5.723958333333333,0.015625,14.63671875,16.87890625,2.2421875,3
PRINCE,512KB_6.bin,PRINCE_512KB_6.bin,524288,512.0,0,4972.628199999842,0.10055044935795036,4.947916666666667,0.005208333333333333,14.640625,16.8828125,2.2421875,3
RECTANGLE,512KB_6.bin,RECTANGLE_512KB_6.bin,524288,512.0,0,16513.450899999953,0.030278347210878947,16.416666666666668,0.020833333333333332,14.640625,16.8828125,2.2421875,3
ASCONv2,512KB_6.bin,ASCONv2_512KB_6.bin,524288,512.0,1,1104.0785333328433,0.45286633595770354,1.1041666666666667,0.0,14.640625,17.37109375,2.73046875,3
LEA,512KB_6.bin,LEA_512KB_6.bin,524288,512.0,0,3163.1937999997413,0.1580680892836983,3.1614583333333335,0.0,14.62890625,16.859375,2.23046875,3
MSEA,512KB_6.bin,MSEA_512KB_6.bin,524288,512.0,0,887.5510333333901,0.5633478878641397,0.8697916666666666,0.010416666666666666,14.62109375,15.63671875,1.015625,3
AES,512KB_7.bin,AES_512KB_7.bin,524288,512.0,0,0.2983333336790868,1675.9776516889103,0.0,0.0,14.6328125,16.640625,2.0078125,3
PRESENT,512KB_7.bin,PRESENT_512KB_7.bin,524288,512.0,0,18929.206733333558,0.026414207792422727,18.854166666666668,0.015625,14.64453125,16.875,2.23046875,3
XTEA,512KB_7.bin,XTEA_512KB_7.bin,524288,512.0,0,1122.1314333336825,0.4455806023672073,1.1145833333333333,0.0,14.640625,15.64453125,1.00390625,3
SIMON,512KB_7.bin,SIMON_512KB_7.bin,524288,512.0,0,5773.7122666670375,0.08659939687098965,5.729166666666667,0.020833333333333332,14.640625,16.87890625,2.23828125,3
PRINCE,512KB_7.bin,PRINCE_512KB_7.bin,524288,512.0,0,4984.403433333379,0.10031290738952466,4.958333333333333,0.010416666666666666,14.64453125,15.6484375,1.00390625,3
RECTANGLE,512KB_7.bin,RECTANGLE_512KB_7.bin,524288,512.0,0,16571.71759999983,0.030171887553768425,16.479166666666668,0.046875,14.640625,16.86328125,2.22265625,3
ASCONv2,512KB_7.bin,ASCONv2_512KB_7.bin,524288,512.0,1,1105.4010333330855,0.45232452740917356,1.0833333333333333,0.0,14.640625,15.64453125,1.00390625,3
LEA,512KB_7.bin,LEA_512KB_7.bin,524288,512.0,0,3168.7694333328786,0.15778995932629444,3.1458333333333335,0.015625,14.625,17.8046875,3.1796875,3
MSEA,512KB_7.bin,MSEA_512KB_7.bin,524288,512.0,0,901.62256666675,0.5545557736520206,0.890625,0.005208333333333333,14.640625,16.87890625,2.23828125,3
AES,512KB_8.bin,AES_512KB_8.bin,524288,512.0,0,0.37756666642962955,1324.2694455210585,0.0,0.0,14.6328125,15.64453125,1.01171875,3
PRESENT,512KB_8.bin,PRESENT_512KB_8.bin,524288,512.0,0,19114.212966665946,0.026158544998529123,19.046875,0.041666666666666664,14.64453125,16.88671875,2.2421875,3
XTEA,512KB_8.bin,XTEA_512KB_8.bin,524288,512.0,0,1184.4786999996966,0.42212662836413023,1.1875,0.0,14.640625,15.64453125,1.00390625,3
SIMON,512KB_8.bin,SIMON_512KB_8.bin,524288,512.0,0,5745.243799999419,0.08702850869445272,5.708333333333333,0.015625,14.64453125,16.88671875,2.2421875,3
PRINCE,512KB_8.bin,PRINCE_512KB_8.bin,524288,512.0,0,4984.121499999674,0.10031858171997467,4.963541666666667,0.0,14.640625,16.87109375,2.23046875,3
RECTANGLE,512KB_8.bin,RECTANGLE_512KB_8.bin,524288,512.0,0,16423.040733333135,0.03044503195959148,16.296875,0.052083333333333336,14.64453125,16.88671875,2.2421875,3
ASCONv2,512KB_8.bin,ASCONv2_512KB_8.bin,524288,512.0,1,1111.6407666668238,0.44978559170622595,1.109375,0.0,14.64453125,17.36328125,2.71875,3
LEA,512KB_8.bin,LEA_512KB_8.bin,524288,512.0,0,3125.937333333544,0.1599520229238866,3.1197916666666665,0.0,14.64453125,16.8828125,2.23828125,3
MSEA,512KB_8.bin,MSEA_512KB_8.bin,524288,512.0,0,880.0974666664843,0.5681188947104158,0.8802083333333334,0.0,14.64453125,17.2890625,2.64453125,3
AES,512KB_9.bin,AES_512KB_9.bin,524288,512.0,0,0.3436999995756196,1454.7570573679675,0.0,0.0,14.64453125,15.6484375,1.00390625,3
PRESENT,512KB_9.bin,PRESENT_512KB_9.bin,524288,512.0,0,18998.66110000039,0.02631764403650475,18.932291666666668,0.010416666666666666,14.64453125,15.6484375,1.00390625,3
XTEA,512KB_9.bin,XTEA_512KB_9.bin,524288,512.0,0,1132.638866666942,0.441446973713138,1.1302083333333333,0.0,14.64453125,16.88671875,2.2421875,3
SIMON,512KB_9.bin,SIMON_512KB_9.bin,524288,512.0,0,5757.74396666687,0.0868395682223167,5.713541666666667,0.010416666666666666,14.64453125,16.88671875,2.2421875,3
PRINCE,512KB_9.bin,PRINCE_512KB_9.bin,524288,512.0,0,4941.537766665836,0.10118307774006167,4.885416666666667,0.015625,14.64453125,16.88671875,2.2421875,3
RECTANGLE,512KB_9.bin,RECTANGLE_512KB_9.bin,524288,512.0,0,16635.724299999612,0.030055799854774683,16.494791666666668,0.03125,14.64453125,16.88671875,2.2421875,3
ASCONv2,512KB_9.bin,ASCONv2_512KB_9.bin,524288,512.0,1,1105.6331333335645,0.45222957319709073,1.0989583333333333,0.0,14.64453125,15.6484375,1.00390625,3
LEA,512KB_9.bin,LEA_512KB_9.bin,524288,512.0,0,3133.287366666991,0.15957680911083202,3.09375,0.005208333333333333,14.6328125,16.86328125,2.23046875,3
MSEA,512KB_9.bin,MSEA_512KB_9.bin,524288,512.0,0,884.4884000003125,0.5652985386804659,0.8854166666666666,0.0,14.625,17.28125,2.65625,3
AES,64KB_0.bin,AES_64KB_0.bin,65536,64.0,0,0.20649999896704685,302.66343977063997,0.0,0.0,14.203125,14.47265625,0.26953125,3
PRESENT,64KB_0.bin,PRESENT_64KB_0.bin,65536,64.0,0,2443.945700000768,0.025573399605392365,2.4270833333333335,0.005208333333333333,14.47265625,14.5234375,0.05078125,3
XTEA,64KB_0.bin,XTEA_64KB_0.bin,65536,64.0,0,165.92723333269532,0.3766711391775169,0.16666666666666666,0.0,14.5234375,14.5234375,0.0,3
SIMON,64KB_0.bin,SIMON_64KB_0.bin,65536,64.0,0,743.2242999996864,0.0840930523935054,0.734375,0.010416666666666666,14.5234375,14.5234375,0.0,3
PRINCE,64KB_0.bin,PRINCE_64KB_0.bin,65536,64.0,0,634.9201000005754,0.09843758293357441,0.6197916666666666,0.0,14.5234375,14.5234375,0.0,3
RECTANGLE,64KB_0.bin,RECTANGLE_64KB_0.bin,65536,64.0,0,2090.924066666048,0.02989109025831601,2.0729166666666665,0.010416666666666666,14.5234375,14.5234375,0.0,3
ASCONv2,64KB_0.bin,ASCONv2_64KB_0.bin,65536,64.0,1,135.65443333269891,0.4607295055865649,0.13541666666666666,0.0,14.5234375,14.5859375,0.0625,3
LEA,64KB_0.bin,LEA_64KB_0.bin,65536,64.0,0,390.63379999970493,0.15999639560132076,0.3854166666666667,0.005208333333333333,14.5859375,14.59375,0.0078125,3
MSEA,64KB_0.bin,MSEA_64KB_0.bin,65536,64.0,0,108.28633333342925,0.5771734814175808,0.09895833333333333,0.0,14.59375,14.6015625,0.0078125,3
AES,64KB_1.bin,AES_64KB_1.bin,65536,64.0,0,0.059233333255785205,1055.1491291247862,0.0,0.0,14.6015625,14.6015625,0.0,3
PRESENT,64KB_1.bin,PRESENT_64KB_1.bin,65536,64.0,0,2381.172399999438,0.026247574514140493,2.359375,0.005208333333333333,14.6015625,14.6015625,0.0,3
XTEA,64KB_1.bin,XTEA_64KB_1.bin,65536,64.0,0,145.93333333323244,0.4282777523986515,0.14583333333333334,0.0,14.6015625,14.6015625,0.0,3
SIMON,64KB_1.bin,SIMON_64KB_1.bin,65536,64.0,0,730.3922666663615,0.08557045693441001,0.7291666666666666,0.0,14.6015625,14.6015625,0.0,3
PRINCE,64KB_1.bin,PRINCE_64KB_1.bin,65536,64.0,0,625.1194333338693,0.09998089431754947,0.6197916666666666,0.0,14.6015625,14.6015625,0.0,3
RECTANGLE,64KB_1.bin,RECTANGLE_64KB_1.bin,65536,64.0,0,2053.865133333602,0.030430430404433155,2.0416666666666665,0.005208333333333333,14.6015625,14.6015625,0.0,3
ASCONv2,64KB_1.bin,ASCONv2_64KB_1.bin,65536,64.0,1,142.453600000105,0.4387393509181511,0.140625,0.005208333333333333,14.6015625,14.6015625,0.0,3
LEA,64KB_1.bin,LEA_64KB_1.bin,65536,64.0,0,389.46103333303955,0.16047818562262792,0.3854166666666667,0.0,14.6015625,14.6015625,0.0,3
MSEA,64KB_1.bin,MSEA_64KB_1.bin,65536,64.0,0,111.56516666596872,0.5602106989821285,0.109375,0.0,14.6015625,14.6015625,0.0,3
AES,64KB_2.bin,AES_64KB_2.bin,65536,64.0,0,0.05623333405916734,1111.440412447162,0.0,0.0,14.6015625,14.6015625,0.0,3
PRESENT,64KB_2.bin,PRESENT_64KB_2.bin,65536,64.0,0,2387.9769333331446,0.02617278212681993,2.359375,0.020833333333333332,14.6015625,14.6015625,0.0,3
XTEA,64KB_2.bin,XTEA_64KB_2.bin,65536,64.0,0,146.50113333361028,0.42661786006580504,0.14583333333333334,0.0,14.6015625,14.6015625,0.0,3
SIMON,64KB_2.bin,SIMON_64KB_2.bin,65536,64.0,0,719.0934333333038,0.08691499199246741,0.71875,0.0,14.6015625,14.6015625,0.0,3
PRINCE,64KB_2.bin,PRINCE_64KB_2.bin,65536,64.0,0,616.4484333336683,0.10138723147045504,0.6041666666666666,0.005208333333333333,14.6015625,14.6015625,0.0,3
RECTANGLE,64KB_2.bin,RECTANGLE_64KB_2.bin,65536,64.0,0,2067.064599999867,0.030236113568973134,2.0520833333333335,0.015625,14.6015625,14.60546875,0.00390625,3
ASCONv2,64KB_2.bin,ASCONv2_64KB_2.bin,65536,64.0,1,135.07593333330684,0.46270270697133015,0.13541666666666666,0.0,14.60546875,14.60546875,0.0,3
LEA,64KB_2.bin,LEA_64KB_2.bin,65536,64.0,0,396.4431333333778,0.15765186667375664,0.3958333333333333,0.0,14.60546875,14.60546875,0.0,3
MSEA,64KB_2.bin,MSEA_64KB_2.bin,65536,64.0,0,109.85253333334792,0.5689445486918678,0.109375,0.0,14.60546875,14.60546875,0.0,3
AES,64KB_3.bin,AES_64KB_3.bin,65536,64.0,0,0.057766666335131354,1081.9388406007085,0.0,0.0,14.60546875,14.60546875,0.0,3
PRESENT,64KB_3.bin,PRESENT_64KB_3.bin,65536,64.0,0,2373.256400000173,0.026335123335175854,2.359375,0.0,14.60546875,14.60546875,0.0,3
XTEA,64KB_3.bin,XTEA_64KB_3.bin,65536,64.0,0,140.59373333414746,0.44454328452504344,0.140625,0.0,14.60546875,14.60546875,0.0,3
SIMON,64KB_3.bin,SIMON_64KB_3.bin,65536,64.0,0,702.5942000000214,0.08895604318965072,0.6979166666666666,0.005208333333333333,14.60546875,14.60546875,0.0,3
PRINCE,64KB_3.bin,PRINCE_64KB_3.bin,65536,64.0,0,627.8403666668358,0.09954759731650974,0.6302083333333334,0.0,14.60546875,14.60546875,0.0,3
RECTANGLE,64KB_3.bin,RECTANGLE_64KB_3.bin,65536,64.0,0,2079.2237666670794,0.030059294724292827,2.0625,0.0,14.61328125,14.61328125,0.0,3
ASCONv2,64KB_3.bin,ASCONv2_64KB_3.bin,65536,64.0,1,148.16833333316026,0.42181752736238964,0.15104166666666666,0.0,14.61328125,14.61328125,0.0,3
LEA,64KB_3.bin,LEA_64KB_3.bin,65536,64.0,0,399.3998999994801,0.15648476627080116,0.4010416666666667,0.0,14.61328125,14.61328125,0.0,3
MSEA,64KB_3.bin,MSEA_64KB_3.bin,65536,64.0,0,110.50996666623784,0.5655598484502531,0.109375,0.0,14.61328125,14.61328125,0.0,3
AES,64KB_4.bin,AES_64KB_4.bin,65536,64.0,0,0.11180000001331791,559.0339891999538,0.0,0.0,14.61328125,14.61328125,0.0,3
PRESENT,64KB_4.bin,PRESENT_64KB_4.bin,65536,64.0,0,2370.598700000604,0.026364647884091087,2.3541666666666665,0.0,14.61328125,14.61328125,0.0,3
XTEA,64KB_4.bin,XTEA_64KB_4.bin,65536,64.0,0,142.65886666665514,0.438108064786755,0.140625,0.0,14.61328125,14.6171875,0.00390625,3
SIMON,64KB_4.bin,SIMON_64KB_4.bin,65536,64.0,0,727.3180333340861,0.08593214678521695,0.7135416666666666,0.005208333333333333,14.6171875,14.6171875,0.0,3
PRINCE,64KB_4.bin,PRINCE_64KB_4.bin,65536,64.0,0,621.0627666672129,0.10063395095376837,0.6197916666666666,0.0,14.6171875,14.6171875,0.0,3
RECTANGLE,64KB_4.bin,RECTANGLE_64KB_4.bin,65536,64.0,0,2082.609966667102,0.03001042009801848,2.0677083333333335,0.005208333333333333,14.6171875,14.6171875,0.0,3
ASCONv2,64KB_4.bin,ASCONv2_64KB_4.bin,65536,64.0,1,135.43030000073486,0.46149199994137846,0.13541666666666666,0.0,14.6171875,14.6171875,0.0,3
LEA,64KB_4.bin,LEA_64KB_4.bin,65536,64.0,0,419.73756666629924,0.14890256427699952,0.4114583333333333,0.005208333333333333,14.6171875,14.6171875,0.0,3
MSEA,64KB_4.bin,MSEA_64KB_4.bin,65536,64.0,0,116.51020000014493,0.5364337199654816,0.11458333333333333,0.005208333333333333,14.6171875,14.6171875,0.0,3
AES,64KB_5.bin,AES_64KB_5.bin,65536,64.0,0,0.056799999583745375,1100.352120739906,0.0,0.0,14.6171875,14.6171875,0.0,3
PRESENT,64KB_5.bin,PRESENT_64KB_5.bin,65536,64.0,0,2401.880600000368,0.02602127682782834,2.390625,0.005208333333333333,14.6171875,14.6171875,0.0,3
XTEA,64KB_5.bin,XTEA_64KB_5.bin,65536,64.0,0,181.90303333297683,0.34358965243637585,0.18229166666666666,0.0,14.6171875,14.6171875,0.0,3
SIMON,64KB_5.bin,SIMON_64KB_5.bin,65536,64.0,0,710.3822666655711,0.08798079982115223,0.7083333333333334,0.0,14.6171875,14.6171875,0.0,3
PRINCE,64KB_5.bin,PRINCE_64KB_5.bin,65536,64.0,0,619.1355000003872,0.10094720784054688,0.6145833333333334,0.0,14.6171875,14.6171875,0.0,3
RECTANGLE,64KB_5.bin,RECTANGLE_64KB_5.bin,65536,64.0,0,2117.9132666669225,0.02951017918611923,2.109375,0.0,14.6171875,14.6171875,0.0,3
ASCONv2,64KB_5.bin,ASCONv2_64KB_5.bin,65536,64.0,1,135.63643333388123,0.4607906479386011,0.13541666666666666,0.0,14.6171875,14.6171875,0.0,3
LEA,64KB_5.bin,LEA_64KB_5.bin,65536,64.0,0,382.70030000057886,0.16331317221310113,0.375,0.0,14.62109375,14.62109375,0.0,3
MSEA,64KB_5.bin,MSEA_64KB_5.bin,65536,64.0,0,112.47816666703632,0.5556633954126913,0.10416666666666667,0.0,14.62109375,14.62109375,0.0,3
AES,64KB_6.bin,AES_64KB_6.bin,65536,64.0,0,0.06476666627956244,965.0025791079245,0.0,0.0,14.62109375,14.62109375,0.0,3
PRESENT,64KB_6.bin,PRESENT_64KB_6.bin,65536,64.0,0,2369.3687666673213,0.02637833370611638,2.359375,0.0,14.62109375,14.62109375,0.0,3
XTEA,64KB_6.bin,XTEA_64KB_6.bin,65536,64.0,0,140.72556666663635,0.44412683125345476,0.13541666666666666,0.0,14.62109375,14.62109375,0.0,3
SIMON,64KB_6.bin,SIMON_64KB_6.bin,65536,64.0,0,715.2021666667375,0.08738787843902478,0.7083333333333334,0.0,14.62109375,14.62109375,0.0,3
PRINCE,64KB_6.bin,PRINCE_64KB_6.bin,65536,64.0,0,629.3203666676467,0.09931348691437976,0.6302083333333334,0.0,14.62109375,14.62109375,0.0,3
RECTANGLE,64KB_6.bin,RECTANGLE_64KB_6.bin,65536,64.0,0,2087.264199999481,0.029943502121109314,2.0833333333333335,0.0,14.62109375,14.62109375,0.0,3
ASCONv2,64KB_6.bin,ASCONv2_64KB_6.bin,65536,64.0,1,140.19160000013167,0.4458184370528712,0.140625,0.0,14.62109375,14.62109375,0.0,3
LEA,64KB_6.bin,LEA_64KB_6.bin,65536,64.0,0,383.8777000000846,0.16281227067888088,0.3802083333333333,0.0,14.62109375,14.62109375,0.0,3
MSEA,64KB_6.bin,MSEA_64KB_6.bin,65536,64.0,0,110.22036666630204,0.5670458363581936,0.10416666666666667,0.005208333333333333,14.62109375,14.62109375,0.0,3
AES,64KB_7.bin,AES_64KB_7.bin,65536,64.0,0,0.05696666691316447,1097.132821466808,0.0,0.0,14.62109375,14.62109375,0.0,3
PRESENT,64KB_7.bin,PRESENT_64KB_7.bin,65536,64.0,0,2352.548666667038,0.02656693180700341,2.3333333333333335,0.015625,14.62109375,14.62109375,0.0,3
XTEA,64KB_7.bin,XTEA_64KB_7.bin,65536,64.0,0,145.58876666645423,0.429291362452354,0.14583333333333334,0.0,14.62109375,14.62109375,0.0,3
SIMON,64KB_7.bin,SIMON_64KB_7.bin,65536,64.0,0,718.6989333337502,0.08696270037592525,0.7135416666666666,0.0,14.62109375,14.62109375,0.0,3
PRINCE,64KB_7.bin,PRINCE_64KB_7.bin,65536,64.0,0,618.9529999998437,0.10097697240342286,0.6145833333333334,0.0,14.62109375,14.62109375,0.0,3
RECTANGLE,64KB_7.bin,RECTANGLE_64KB_7.bin,65536,64.0,0,2071.548633332592,0.030170665073623436,2.0572916666666665,0.005208333333333333,14.62109375,14.62109375,0.0,3
ASCONv2,64KB_7.bin,ASCONv2_64KB_7.bin,65536,64.0,1,140.33196666665995,0.44537250837836895,0.140625,0.0,14.62109375,14.62109375,0.0,3
LEA,64KB_7.bin,LEA_64KB_7.bin,65536,64.0,0,381.4816000000671,0.16383490055611857,0.3802083333333333,0.0,14.62109375,14.62109375,0.0,3
MSEA,64KB_7.bin,MSEA_64KB_7.bin,65536,64.0,0,111.49653333389627,0.5605555449229314,0.109375,0.0,14.62109375,14.62109375,0.0,3
AES,64KB_8.bin,AES_64KB_8.bin,65536,64.0,0,0.05576666626438964,1120.7411915872403,0.0,0.0,14.62109375,14.62109375,0.0,3
PRESENT,64KB_8.bin,PRESENT_64KB_8.bin,65536,64.0,0,2402.285233333411,0.026016893886191442,2.3958333333333335,0.0,14.62109375,14.62109375,0.0,3
XTEA,64KB_8.bin,XTEA_64KB_8.bin,65536,64.0,0,143.28966666653287,0.43617939418793883,0.140625,0.0,14.62109375,14.625,0.00390625,3
SIMON,64KB_8.bin,SIMON_64KB_8.bin,65536,64.0,0,718.6943999998524,0.08696324891360338,0.7135416666666666,0.0,14.625,14.625,0.0,3
PRINCE,64KB_8.bin,PRINCE_64KB_8.bin,65536,64.0,0,614.3749333326317,0.10172941083545407,0.6145833333333334,0.0,14.625,14.625,0.0,3
RECTANGLE,64KB_8.bin,RECTANGLE_64KB_8.bin,65536,64.0,0,2160.973499999576,0.028922150132804622,2.15625,0.0,14.625,14.625,0.0,3
ASCONv2,64KB_8.bin,ASCONv2_64KB_8.bin,65536,64.0,1,140.69799999985358,0.4442138481006485,0.140625,0.0,14.625,14.625,0.0,3
LEA,64KB_8.bin,LEA_64KB_8.bin,65536,64.0,0,401.107700000163,0.1558184996198642,0.4010416666666667,0.0,14.625,14.625,0.0,3
MSEA,64KB_8.bin,MSEA_64KB_8.bin,65536,64.0,0,108.35039999983564,0.5768322036660206,0.109375,0.0,14.625,14.62890625,0.00390625,3
AES,64KB_9.bin,AES_64KB_9.bin,65536,64.0,0,0.05526666670145156,1130.8805782990792,0.0,0.0,14.62890625,14.62890625,0.0,3
PRESENT,64KB_9.bin,PRESENT_64KB_9.bin,65536,64.0,0,2372.3511333331166,0.02634517256818912,2.359375,0.005208333333333333,14.62890625,14.62890625,0.0,3
XTEA,64KB_9.bin,XTEA_64KB_9.bin,65536,64.0,0,144.0187333337235,0.43397132132230026,0.14583333333333334,0.0,14.62890625,14.62890625,0.0,3
SIMON,64KB_9.bin,SIMON_64KB_9.bin,65536,64.0,0,725.8546666659337,0.08610539116195406,0.71875,0.005208333333333333,14.62890625,14.62890625,0.0,3
PRINCE,64KB_9.bin,PRINCE_64KB_9.bin,65536,64.0,0,609.7200666669474,0.10250605715120724,0.5989583333333334,0.0,14.64453125,14.64453125,0.0,3
RECTANGLE,64KB_9.bin,RECTANGLE_64KB_9.bin,65536,64.0,0,2072.6380000002487,0.03015480754477748,2.0729166666666665,0.0,14.64453125,14.64453125,0.0,3
ASCONv2,64KB_9.bin,ASCONv2_64KB_9.bin,65536,64.0,1,141.18326666660627,0.44268702287211614,0.140625,0.0,14.64453125,14.64453125,0.0,3
LEA,64KB_9.bin,LEA_64KB_9.bin,65536,64.0,0,385.0042000000637,0.1623358914006384,0.3697916666666667,0.010416666666666666,14.64453125,14.64453125,0.0,3
MSEA,64KB_9.bin,MSEA_64KB_9.bin,65536,64.0,0,111.6762333343407,0.5596535460941366,0.109375,0.0,14.64453125,14.64453125,0.0,3
